case_id,family,policy_type,leakage,physical_probe,deployment_shift,causal_skill,shortcut_strength,deploy_success,static_score_score,static_score_pass,static_score_false_cert,static_score_false_reject,randomized_score_score,randomized_score_pass,randomized_score_false_cert,randomized_score_false_reject,embodied_audit_score,embodied_audit_pass,embodied_audit_false_cert,embodied_audit_false_reject
object_relocation_robust_000,object_relocation,robust,0.5287,0.8734,0.6765,0.8968,0.2007,1,0.5921,1,0,0,0.3932,0,0,1,0.6301,1,0,0
object_relocation_shortcut_000,object_relocation,shortcut,0.7467,0.8371,0.4771,0.5783,0.7545,0,0.6358,1,1,0,0.5094,1,1,0,0.2769,0,0,0
object_relocation_robust_001,object_relocation,robust,0.278,0.6655,0.4266,0.587,0.3224,1,0.3739,0,0,1,0.3232,0,0,1,0.3756,0,0,1
object_relocation_shortcut_001,object_relocation,shortcut,0.5162,0.9731,0.5122,0.4541,0.8192,0,0.6316,1,1,0,0.4416,0,0,0,0.0946,0,0,0
object_relocation_robust_002,object_relocation,robust,0.1928,0.7532,0.6251,0.8464,0.015,1,0.3698,0,0,1,0.2809,0,0,1,0.6118,1,0,0
object_relocation_shortcut_002,object_relocation,shortcut,0.7541,0.9172,0.4342,0.4284,1.0,0,0.7396,1,1,0,0.5368,1,1,0,0.0668,0,0,0
object_relocation_robust_003,object_relocation,robust,0.2026,0.8138,0.2405,0.721,0.4401,1,0.5036,1,0,0,0.4671,1,0,0,0.4066,0,0,1
object_relocation_shortcut_003,object_relocation,shortcut,0.4909,0.8306,0.3102,0.2622,0.7525,0,0.5371,1,1,0,0.3714,0,0,0,0.0276,0,0,0
object_relocation_robust_004,object_relocation,robust,0.7203,0.7074,0.6887,0.6763,0.0993,1,0.6352,1,0,0,0.2671,0,0,1,0.5369,1,0,0
object_relocation_shortcut_004,object_relocation,shortcut,0.5814,0.7814,0.5232,0.4962,0.6998,0,0.5712,1,1,0,0.4227,0,0,0,0.2325,0,0,0
object_relocation_robust_005,object_relocation,robust,0.5935,0.8303,0.4733,0.683,0.1966,1,0.5718,1,0,0,0.3444,0,0,1,0.4932,1,0,0
object_relocation_shortcut_005,object_relocation,shortcut,0.2595,0.9632,0.5108,0.4543,0.3362,0,0.3323,0,0,0,0.2425,0,0,0,0.2336,0,0,0
object_relocation_robust_006,object_relocation,robust,0.7554,0.6425,0.3746,0.6154,0.3045,1,0.6551,1,0,0,0.3906,0,0,1,0.4597,1,0,0
object_relocation_shortcut_006,object_relocation,shortcut,0.1425,0.8404,0.3059,0.4944,0.825,0,0.6612,1,1,0,0.4751,1,1,0,0.1241,0,0,0
object_relocation_robust_007,object_relocation,robust,0.7238,0.8099,0.3827,0.5672,0.2427,1,0.6186,1,0,0,0.3402,0,0,1,0.4168,0,0,1
object_relocation_shortcut_007,object_relocation,shortcut,0.42,0.6971,0.3556,0.4355,1.0,0,0.7467,1,1,0,0.5257,1,1,0,0.1285,0,0,0
object_relocation_robust_008,object_relocation,robust,0.71,0.768,0.3563,0.6153,0.3562,1,0.628,1,0,0,0.4091,0,0,1,0.424,1,0,0
object_relocation_shortcut_008,object_relocation,shortcut,0.4943,0.8022,0.4636,0.256,0.8092,0,0.5609,1,1,0,0.3524,0,0,0,0.0176,0,0,0
object_relocation_robust_009,object_relocation,robust,0.3995,0.6152,0.5549,0.5885,0.0,1,0.4145,0,0,1,0.1893,0,0,1,0.4599,1,0,0
object_relocation_shortcut_009,object_relocation,shortcut,0.6211,0.9106,0.5545,0.2338,0.5977,0,0.4313,0,0,0,0.2564,0,0,0,0.0465,0,0,0
object_relocation_robust_010,object_relocation,robust,0.3215,0.6659,0.6506,0.6292,0.1204,1,0.3742,0,0,1,0.2214,0,0,1,0.4534,1,0,0
object_relocation_shortcut_010,object_relocation,shortcut,0.2638,0.6999,0.3819,0.5978,0.8255,1,0.6921,1,0,0,0.5188,1,0,0,0.2619,0,0,1
object_relocation_robust_011,object_relocation,robust,0.4625,0.9432,0.7816,0.639,0.0,1,0.4571,0,0,1,0.1654,0,0,1,0.5028,1,0,0
object_relocation_shortcut_011,object_relocation,shortcut,0.7235,0.6339,0.6208,0.143,0.712,0,0.4599,0,0,0,0.2483,0,0,0,0.0453,0,0,0
object_relocation_robust_012,object_relocation,robust,0.4305,0.5683,0.3462,0.7941,0.0938,1,0.5161,1,0,0,0.3749,0,0,1,0.5916,1,0,0
object_relocation_shortcut_012,object_relocation,shortcut,0.7394,0.7888,0.5425,0.4103,0.7278,0,0.5654,1,1,0,0.4027,0,0,0,0.1816,0,0,0
object_relocation_robust_013,object_relocation,robust,0.4692,0.7424,0.5518,0.5267,0.2868,0,0.4369,0,0,0,0.2706,0,0,0,0.3543,0,0,0
object_relocation_shortcut_013,object_relocation,shortcut,0.5636,0.9178,0.4407,0.7116,0.8067,1,0.7157,1,0,0,0.5826,1,0,0,0.3045,0,0,1
object_relocation_robust_014,object_relocation,robust,0.7061,0.7857,0.3009,0.6037,0.3448,1,0.625,1,0,0,0.4123,0,0,1,0.4157,0,0,1
object_relocation_shortcut_014,object_relocation,shortcut,0.7809,0.6878,0.7666,0.5196,0.7171,0,0.6148,1,1,0,0.4017,0,0,0,0.2978,0,0,0
object_relocation_robust_015,object_relocation,robust,0.7869,0.7222,0.3318,0.7561,0.1943,1,0.725,1,0,0,0.4319,0,0,1,0.5775,1,0,0
object_relocation_shortcut_015,object_relocation,shortcut,0.4362,0.55,0.4569,0.5253,0.714,0,0.5939,1,1,0,0.4431,0,0,0,0.3044,0,0,0
object_relocation_robust_016,object_relocation,robust,0.2888,0.573,0.6888,0.9108,0.0062,1,0.4474,0,0,1,0.303,0,0,1,0.6711,1,0,0
object_relocation_shortcut_016,object_relocation,shortcut,0.3952,0.8092,0.6807,0.2543,0.8512,0,0.5734,1,1,0,0.3046,0,0,0,-0.0095,0,0,0
object_relocation_robust_017,object_relocation,robust,0.8449,0.6293,0.4865,0.6751,0.2497,1,0.7242,1,0,0,0.3817,0,0,1,0.5248,1,0,0
object_relocation_shortcut_017,object_relocation,shortcut,0.5108,0.5524,0.5322,0.4748,0.6388,0,0.5256,1,1,0,0.3812,0,0,0,0.2895,0,0,0
object_relocation_robust_018,object_relocation,robust,0.3483,0.6255,0.7968,0.6224,0.0258,1,0.3798,0,0,1,0.1516,0,0,1,0.4724,1,0,0
object_relocation_shortcut_018,object_relocation,shortcut,0.7716,0.862,0.4878,0.3882,0.8265,0,0.6152,1,1,0,0.444,0,0,0,0.117,0,0,0
object_relocation_robust_019,object_relocation,robust,0.6403,0.702,0.5706,0.5674,0.1933,1,0.5557,1,0,0,0.269,0,0,1,0.4298,1,0,0
object_relocation_shortcut_019,object_relocation,shortcut,0.6251,0.7428,0.4837,0.0715,0.8451,0,0.5192,1,1,0,0.285,0,0,0,-0.0835,0,0,0
object_relocation_robust_020,object_relocation,robust,0.4959,0.717,0.8027,0.6895,0.1619,1,0.4937,0,0,1,0.2462,0,0,1,0.504,1,0,0
object_relocation_shortcut_020,object_relocation,shortcut,0.5913,0.4952,0.501,0.3137,0.8709,0,0.6166,1,1,0,0.403,0,0,0,0.1705,0,0,0
object_relocation_robust_021,object_relocation,robust,0.6004,0.8555,0.5508,0.5987,0.1946,1,0.5428,1,0,0,0.2853,0,0,1,0.4335,1,0,0
object_relocation_shortcut_021,object_relocation,shortcut,0.2482,0.6006,0.4911,0.5141,0.833,0,0.6618,1,1,0,0.4536,1,1,0,0.2362,0,0,0
object_relocation_robust_022,object_relocation,robust,0.2894,0.8234,0.6179,0.6945,0.3406,1,0.4102,0,0,1,0.3366,0,0,1,0.4247,1,0,0
object_relocation_shortcut_022,object_relocation,shortcut,0.5444,0.8695,0.603,0.216,0.8484,0,0.5633,1,1,0,0.3188,0,0,0,-0.0402,0,0,0
object_relocation_robust_023,object_relocation,robust,0.6689,0.9923,0.4755,0.6685,0.0,1,0.6135,1,0,0,0.2737,0,0,1,0.5482,1,0,0
object_relocation_shortcut_023,object_relocation,shortcut,0.3765,0.4469,0.5619,0.4596,0.6204,0,0.5072,1,1,0,0.3467,0,0,0,0.2945,0,0,0
object_relocation_robust_024,object_relocation,robust,0.7001,0.7416,0.4549,0.6539,0.0,1,0.6291,1,0,0,0.2747,0,0,1,0.5417,1,0,0
object_relocation_shortcut_024,object_relocation,shortcut,0.5201,0.7234,0.3037,0.338,0.6818,0,0.5194,1,1,0,0.3868,0,0,0,0.1365,0,0,0
object_relocation_robust_025,object_relocation,robust,0.3582,0.6208,0.5438,0.5837,0.2797,1,0.3879,0,0,1,0.2862,0,0,1,0.3975,0,0,1
object_relocation_shortcut_025,object_relocation,shortcut,0.7756,0.7047,0.4403,0.3697,0.5593,0,0.5802,1,1,0,0.3507,0,0,0,0.2232,0,0,0
object_relocation_robust_026,object_relocation,robust,0.3989,0.6048,0.6348,0.6982,0.2117,1,0.4466,0,0,1,0.2989,0,0,1,0.4972,1,0,0
object_relocation_shortcut_026,object_relocation,shortcut,0.1048,0.7382,0.5729,0.132,1.0,0,0.6305,1,1,0,0.2963,0,0,0,-0.1398,0,0,0
object_relocation_robust_027,object_relocation,robust,0.608,1.0,0.5969,0.3793,0.3898,0,0.4701,0,0,0,0.2399,0,0,0,0.1981,0,0,0
object_relocation_shortcut_027,object_relocation,shortcut,0.5045,0.7647,0.6813,0.163,0.9248,0,0.5879,1,1,0,0.2981,0,0,0,-0.0625,0,0,0
object_relocation_robust_028,object_relocation,robust,0.3435,0.8879,0.6376,0.6799,0.195,1,0.4059,0,0,1,0.2779,0,0,1,0.4566,1,0,0
object_relocation_shortcut_028,object_relocation,shortcut,0.6284,0.719,0.254,0.4815,0.8893,0,0.6998,1,1,0,0.5531,1,1,0,0.2023,0,0,0
object_relocation_robust_029,object_relocation,robust,0.6556,0.7251,0.6722,0.8416,0.3186,1,0.6523,1,0,0,0.4229,0,0,1,0.5916,1,0,0
object_relocation_shortcut_029,object_relocation,shortcut,0.2232,0.6993,0.682,0.3666,1.0,0,0.7037,1,1,0,0.3946,0,0,0,0.0557,0,0,0
object_relocation_robust_030,object_relocation,robust,0.5607,0.9398,0.366,0.6951,0.4004,1,0.562,1,0,0,0.446,0,0,1,0.4203,1,0,0
object_relocation_shortcut_030,object_relocation,shortcut,0.2253,0.6964,0.764,0.3368,0.8204,0,0.5773,1,1,0,0.2962,0,0,0,0.077,0,0,0
object_relocation_robust_031,object_relocation,robust,0.5893,0.6518,0.4964,0.8941,0.2618,1,0.6396,1,0,0,0.4632,1,0,0,0.6424,1,0,0
object_relocation_shortcut_031,object_relocation,shortcut,0.3758,0.6923,0.4026,0.5292,0.82,0,0.6642,1,1,0,0.4902,1,1,0,0.2314,0,0,0
object_relocation_robust_032,object_relocation,robust,0.5777,0.7989,0.3715,0.7779,0.1985,1,0.6004,1,0,0,0.4135,0,0,1,0.56,1,0,0
object_relocation_shortcut_032,object_relocation,shortcut,0.6443,0.626,0.492,0.1316,0.722,0,0.4629,0,0,0,0.2694,0,0,0,0.0283,0,0,0
object_relocation_robust_033,object_relocation,robust,0.3853,0.9802,0.5788,0.6513,0.2417,1,0.4256,0,0,1,0.2993,0,0,1,0.4172,0,0,1
object_relocation_shortcut_033,object_relocation,shortcut,0.5546,0.6102,0.5464,0.2906,0.3958,0,0.4099,0,0,0,0.2063,0,0,0,0.1954,0,0,0
object_relocation_robust_034,object_relocation,robust,0.3821,0.75,0.5964,0.9845,0.294,1,0.5358,1,0,0,0.4735,1,0,0,0.6615,1,0,0
object_relocation_shortcut_034,object_relocation,shortcut,0.1804,0.8628,0.5397,0.3376,0.6733,0,0.4998,0,0,0,0.2929,0,0,0,0.0562,0,0,0
object_relocation_robust_035,object_relocation,robust,0.6955,0.8744,0.42,0.7956,0.0849,1,0.6765,1,0,0,0.3812,0,0,1,0.6145,1,0,0
object_relocation_shortcut_035,object_relocation,shortcut,0.4647,0.9326,0.5718,0.3577,0.5624,0,0.436,0,0,0,0.2834,0,0,0,0.1204,0,0,0
object_relocation_robust_036,object_relocation,robust,0.4442,0.8238,0.446,0.5566,0.1754,1,0.4379,0,0,1,0.2677,0,0,1,0.3934,0,0,1
object_relocation_shortcut_036,object_relocation,shortcut,0.3021,0.469,0.4913,0.4163,0.8647,0,0.6482,1,1,0,0.4234,0,0,0,0.2184,0,0,0
object_relocation_robust_037,object_relocation,robust,0.1712,0.6831,0.7895,0.5089,0.2199,0,0.262,0,0,0,0.1511,0,0,0,0.3283,0,0,0
object_relocation_shortcut_037,object_relocation,shortcut,0.6684,0.7218,0.6405,0.3775,0.8725,0,0.6309,1,1,0,0.4084,0,0,0,0.1372,0,0,0
object_relocation_robust_038,object_relocation,robust,0.6092,0.5755,0.733,0.623,0.1973,1,0.5455,1,0,0,0.2551,0,0,1,0.475,1,0,0
object_relocation_shortcut_038,object_relocation,shortcut,0.1024,0.6301,0.5101,0.2046,0.8833,0,0.5866,1,1,0,0.304,0,0,0,-0.0187,0,0,0
object_relocation_robust_039,object_relocation,robust,0.6406,0.86,0.5581,0.5281,0.2439,0,0.5432,1,1,0,0.2714,0,0,0,0.3738,0,0,0
object_relocation_shortcut_039,object_relocation,shortcut,0.533,0.6629,0.61,0.0,0.877,0,0.5071,1,1,0,0.2226,0,0,0,-0.1217,0,0,0
object_relocation_robust_040,object_relocation,robust,0.5386,0.8406,0.4729,0.6065,0.4532,1,0.5118,1,0,0,0.3946,0,0,1,0.3578,0,0,1
object_relocation_shortcut_040,object_relocation,shortcut,0.1484,0.8495,0.5514,0.3504,0.7744,0,0.5662,1,1,0,0.3295,0,0,0,0.0356,0,0,0
object_relocation_robust_041,object_relocation,robust,0.213,0.6383,0.6274,0.6317,0.3492,1,0.3936,0,0,1,0.2997,0,0,1,0.3976,0,0,1
object_relocation_shortcut_041,object_relocation,shortcut,0.4123,0.7131,0.4396,0.5034,0.8483,0,0.6707,1,1,0,0.4827,1,1,0,0.2036,0,0,0
object_relocation_robust_042,object_relocation,robust,0.6569,0.7089,0.9367,0.6128,0.0284,1,0.5594,1,0,0,0.1453,0,0,1,0.5012,1,0,0
object_relocation_shortcut_042,object_relocation,shortcut,0.5558,0.7477,0.529,0.2589,0.759,0,0.5269,1,1,0,0.3261,0,0,0,0.0589,0,0,0
object_relocation_robust_043,object_relocation,robust,0.5118,0.5691,0.4361,0.5613,0.3625,1,0.482,0,0,1,0.3464,0,0,1,0.3926,0,0,1
object_relocation_shortcut_043,object_relocation,shortcut,0.2789,0.8857,0.5686,0.4131,1.0,0,0.7263,1,1,0,0.4497,0,0,0,0.0129,0,0,0
object_relocation_robust_044,object_relocation,robust,0.7919,0.5998,0.3952,0.3786,0.1816,0,0.596,1,1,0,0.2314,0,0,0,0.3266,0,0,0
object_relocation_shortcut_044,object_relocation,shortcut,0.67,0.8801,0.4321,0.2646,1.0,0,0.684,1,1,0,0.4503,1,1,0,-0.0416,0,0,0
object_relocation_robust_045,object_relocation,robust,0.5055,0.7027,0.752,0.5661,0.1734,1,0.4608,0,0,1,0.2042,0,0,1,0.4172,0,0,1
object_relocation_shortcut_045,object_relocation,shortcut,0.4452,0.7724,0.5456,0.3425,0.7613,0,0.5557,1,1,0,0.352,0,0,0,0.0953,0,0,0
object_relocation_robust_046,object_relocation,robust,0.4826,0.8325,0.4441,0.7253,0.3185,1,0.5192,1,0,0,0.4045,0,0,1,0.4744,1,0,0
object_relocation_shortcut_046,object_relocation,shortcut,0.6451,0.8402,0.5978,0.3262,0.8584,0,0.6072,1,1,0,0.3866,0,0,0,0.0571,0,0,0
object_relocation_robust_047,object_relocation,robust,0.7649,0.8348,0.6873,0.7403,0.0,1,0.6847,1,0,0,0.2669,0,0,1,0.61,1,0,0
object_relocation_shortcut_047,object_relocation,shortcut,0.25,0.5457,0.3833,0.3909,0.7497,0,0.5747,1,1,0,0.3905,0,0,0,0.1836,0,0,0
object_relocation_robust_048,object_relocation,robust,0.8313,0.7961,0.5197,0.8286,0.1449,1,0.7659,1,0,0,0.4083,0,0,1,0.6406,1,0,0
object_relocation_shortcut_048,object_relocation,shortcut,0.6153,0.6056,0.6383,0.388,0.7111,0,0.5345,1,1,0,0.3506,0,0,0,0.2128,0,0,0
object_relocation_robust_049,object_relocation,robust,0.717,0.8253,0.6351,0.5421,0.106,1,0.5907,1,0,0,0.2176,0,0,1,0.4355,1,0,0
object_relocation_shortcut_049,object_relocation,shortcut,0.8781,0.7367,0.5094,0.4928,0.921,0,0.708,1,1,0,0.5337,1,1,0,0.2255,0,0,0
object_relocation_robust_050,object_relocation,robust,0.3507,0.8086,0.4809,0.6995,0.2057,1,0.4264,0,0,1,0.3295,0,0,1,0.475,1,0,0
object_relocation_shortcut_050,object_relocation,shortcut,0.1444,0.6342,0.4644,0.3007,0.6908,0,0.5027,1,1,0,0.296,0,0,0,0.0903,0,0,0
object_relocation_robust_051,object_relocation,robust,0.708,0.8321,0.2763,0.516,0.1169,1,0.5978,1,0,0,0.2943,0,0,1,0.4127,0,0,1
object_relocation_shortcut_051,object_relocation,shortcut,0.5676,0.6801,0.5203,0.2773,1.0,0,0.6831,1,1,0,0.425,0,0,0,0.043,0,0,0
object_relocation_robust_052,object_relocation,robust,0.4008,0.8077,0.5989,0.6441,0.2052,1,0.4316,0,0,1,0.2794,0,0,1,0.4425,1,0,0
object_relocation_shortcut_052,object_relocation,shortcut,0.2301,0.7791,0.5027,0.2016,0.8415,0,0.5601,1,1,0,0.3021,0,0,0,-0.0524,0,0,0
object_relocation_robust_053,object_relocation,robust,0.6284,0.7261,0.5742,0.7042,0.1148,1,0.5946,1,0,0,0.3044,0,0,1,0.5409,1,0,0
object_relocation_shortcut_053,object_relocation,shortcut,0.2497,0.5354,0.7064,0.4816,0.5677,0,0.4733,0,0,0,0.291,0,0,0,0.2788,0,0,0
object_relocation_robust_054,object_relocation,robust,0.5672,0.8376,0.5643,0.6963,0.3598,1,0.5545,1,0,0,0.385,0,0,1,0.4517,1,0,0
object_relocation_shortcut_054,object_relocation,shortcut,0.5021,0.637,0.3884,0.3356,0.8244,0,0.6019,1,1,0,0.4149,0,0,0,0.1301,0,0,0
object_relocation_robust_055,object_relocation,robust,0.4682,0.85,0.6405,0.7016,0.2211,1,0.4904,0,0,1,0.3095,0,0,1,0.4823,1,0,0
object_relocation_shortcut_055,object_relocation,shortcut,0.4778,0.6096,0.4555,0.2877,0.6176,0,0.4534,0,0,0,0.2989,0,0,0,0.1425,0,0,0
object_relocation_robust_056,object_relocation,robust,0.0,0.9864,0.5673,0.5031,0.3217,1,0.3365,0,0,1,0.2211,0,0,1,0.2383,0,0,1
object_relocation_shortcut_056,object_relocation,shortcut,0.2668,0.858,0.5247,0.3918,0.957,0,0.6951,1,1,0,0.4333,0,0,0,0.0215,0,0,0
object_relocation_robust_057,object_relocation,robust,0.409,0.604,0.6738,0.7631,0.2232,1,0.4726,0,0,1,0.3258,0,0,1,0.5418,1,0,0
object_relocation_shortcut_057,object_relocation,shortcut,0.5379,0.6807,0.4424,0.6089,0.6381,1,0.5761,1,0,0,0.4696,1,0,0,0.3507,0,0,1
object_relocation_robust_058,object_relocation,robust,0.5229,0.6551,0.5629,0.8347,0.0373,1,0.5742,1,0,0,0.3313,0,0,1,0.6393,1,0,0
object_relocation_shortcut_058,object_relocation,shortcut,0.4398,0.8002,0.5407,0.4776,0.7352,0,0.5858,1,1,0,0.4081,0,0,0,0.1871,0,0,0
object_relocation_robust_059,object_relocation,robust,0.117,0.6976,0.5561,0.8128,0.1185,1,0.3165,0,0,1,0.311,0,0,1,0.5561,1,0,0
object_relocation_shortcut_059,object_relocation,shortcut,0.4068,0.5253,0.6524,0.4137,0.5817,0,0.4622,0,0,0,0.2921,0,0,0,0.2505,0,0,0
tool_use_robust_000,tool_use,robust,0.4582,0.7501,0.7875,0.6715,0.1761,1,0.4651,0,0,1,0.2425,0,0,1,0.481,1,0,0
tool_use_shortcut_000,tool_use,shortcut,0.391,0.6295,0.7158,0.3218,0.8234,0,0.577,1,1,0,0.3182,0,0,0,0.11,0,0,0
tool_use_robust_001,tool_use,robust,0.2238,0.7218,0.5399,0.5429,0.1659,1,0.2909,0,0,1,0.2131,0,0,1,0.3675,0,0,1
tool_use_shortcut_001,tool_use,shortcut,0.4933,0.6821,0.5991,0.0184,0.8048,0,0.4693,0,0,0,0.2041,0,0,0,-0.1051,0,0,0
tool_use_robust_002,tool_use,robust,0.3105,0.7891,0.5316,0.3471,0.163,0,0.2786,0,0,0,0.1288,0,0,0,0.2367,0,0,0
tool_use_shortcut_002,tool_use,shortcut,0.6733,0.7742,0.5372,0.3094,0.6859,0,0.4982,0,0,0,0.3338,0,0,0,0.1186,0,0,0
tool_use_robust_003,tool_use,robust,0.2534,0.8607,0.7225,0.5672,0.1045,1,0.3066,0,0,1,0.1618,0,0,1,0.3962,0,0,1
tool_use_shortcut_003,tool_use,shortcut,1.0,0.8523,0.6727,0.2698,0.6541,0,0.6714,1,1,0,0.3035,0,0,0,0.1159,0,0,0
tool_use_robust_004,tool_use,robust,0.4786,0.6895,0.6605,0.463,0.2808,0,0.4145,0,0,0,0.2127,0,0,0,0.3188,0,0,0
tool_use_shortcut_004,tool_use,shortcut,0.6415,0.767,0.7569,0.5447,0.6135,0,0.5375,1,1,0,0.3648,0,0,0,0.3003,0,0,0
tool_use_robust_005,tool_use,robust,0.3529,0.6183,0.7483,0.5937,0.2132,1,0.3758,0,0,1,0.2174,0,0,1,0.417,0,0,1
tool_use_shortcut_005,tool_use,shortcut,0.1447,0.9106,0.626,0.2675,0.6264,0,0.4418,0,0,0,0.2181,0,0,0,0.0038,0,0,0
tool_use_robust_006,tool_use,robust,0.3079,0.808,0.5847,0.5836,0.2187,1,0.3542,0,0,1,0.2493,0,0,1,0.3852,0,0,1
tool_use_shortcut_006,tool_use,shortcut,0.4181,0.8924,0.9413,0.2684,0.7672,0,0.5104,1,1,0,0.2209,0,0,0,-0.0018,0,0,0
tool_use_robust_007,tool_use,robust,0.4607,0.9116,0.6327,0.5908,0.2273,1,0.4485,0,0,1,0.2596,0,0,1,0.3959,0,0,1
tool_use_shortcut_007,tool_use,shortcut,0.4694,0.7611,0.8101,0.4091,0.9491,0,0.6789,1,1,0,0.3906,0,0,0,0.1008,0,0,0
tool_use_robust_008,tool_use,robust,0.3329,0.8896,0.5068,0.589,0.0,1,0.3762,0,0,1,0.1944,0,0,1,0.4522,1,0,0
tool_use_shortcut_008,tool_use,shortcut,0.1485,0.5381,0.4003,0.1541,0.7957,0,0.5217,1,1,0,0.2792,0,0,0,0.001,0,0,0
tool_use_robust_009,tool_use,robust,0.3111,0.8656,0.191,0.6669,0.0,1,0.4082,0,0,1,0.3054,0,0,1,0.5042,1,0,0
tool_use_shortcut_009,tool_use,shortcut,0.4728,0.776,0.5589,0.4918,0.827,0,0.6464,1,1,0,0.4469,0,0,0,0.1848,0,0,0
tool_use_robust_010,tool_use,robust,0.5066,0.904,0.6555,0.7669,0.0908,1,0.5355,1,0,0,0.2941,0,0,1,0.5688,1,0,0
tool_use_shortcut_010,tool_use,shortcut,0.503,0.7554,0.257,0.3043,0.9682,0,0.6883,1,1,0,0.4832,1,1,0,0.029,0,0,0
tool_use_robust_011,tool_use,robust,0.2045,0.9983,0.6231,0.6079,0.3683,1,0.3976,0,0,1,0.2953,0,0,1,0.3178,0,0,1
tool_use_shortcut_011,tool_use,shortcut,0.2816,0.7318,0.6271,0.2605,0.9415,0,0.6347,1,1,0,0.3416,0,0,0,-0.0117,0,0,0
tool_use_robust_012,tool_use,robust,0.3386,0.7343,0.5808,0.6491,0.2144,1,0.3958,0,0,1,0.2832,0,0,1,0.4429,1,0,0
tool_use_shortcut_012,tool_use,shortcut,0.5556,0.6285,0.7168,0.3713,0.7257,0,0.5332,1,1,0,0.323,0,0,0,0.184,0,0,0
tool_use_robust_013,tool_use,robust,0.5476,0.7037,0.8121,0.6243,0.4506,0,0.503,1,1,0,0.3217,0,0,0,0.3993,0,0,0
tool_use_shortcut_013,tool_use,shortcut,0.1955,0.438,0.6337,0.4822,0.713,0,0.568,1,1,0,0.3556,0,0,0,0.2806,0,0,0
tool_use_robust_014,tool_use,robust,0.2923,0.5901,0.6389,0.5297,0.158,1,0.323,0,0,1,0.187,0,0,1,0.3775,0,0,1
tool_use_shortcut_014,tool_use,shortcut,0.4704,0.9072,0.6615,0.3675,0.8263,0,0.5976,1,1,0,0.3621,0,0,0,0.05,0,0,0
tool_use_robust_015,tool_use,robust,0.5353,0.7653,0.6796,0.4243,0.0222,0,0.4354,0,0,0,0.1021,0,0,0,0.3555,0,0,0
tool_use_shortcut_015,tool_use,shortcut,0.5399,0.7236,0.562,0.6546,0.6688,1,0.6035,1,0,0,0.4741,1,0,0,0.3636,0,0,1
tool_use_robust_016,tool_use,robust,0.4807,0.6321,0.5882,0.5525,0.0252,1,0.4506,0,0,1,0.1812,0,0,1,0.4394,1,0,0
tool_use_shortcut_016,tool_use,shortcut,0.6208,0.5936,0.4233,0.459,1.0,0,0.7507,1,1,0,0.5408,1,1,0,0.2146,0,0,0
tool_use_robust_017,tool_use,robust,0.5406,0.7895,0.6291,0.5557,0.391,0,0.4864,0,0,0,0.3106,0,0,0,0.3493,0,0,0
tool_use_shortcut_017,tool_use,shortcut,0.4359,0.7537,0.7683,0.4802,0.8911,0,0.6697,1,1,0,0.4105,0,0,0,0.1642,0,0,0
tool_use_robust_018,tool_use,robust,0.6365,0.9417,0.7861,0.5197,0.0,1,0.5242,1,0,0,0.1244,0,0,1,0.4402,1,0,0
tool_use_shortcut_018,tool_use,shortcut,0.608,0.8667,0.5626,0.2303,0.4663,0,0.4215,0,0,0,0.2042,0,0,0,0.0937,0,0,0
tool_use_robust_019,tool_use,robust,0.3999,0.7163,0.6757,0.52,0.1075,1,0.3842,0,0,1,0.1661,0,0,1,0.3867,0,0,1
tool_use_shortcut_019,tool_use,shortcut,0.5549,0.6068,0.7969,0.4214,0.9298,0,0.6719,1,1,0,0.4012,0,0,0,0.1877,0,0,0
tool_use_robust_020,tool_use,robust,0.1501,0.885,0.4909,0.6416,0.2127,1,0.3206,0,0,1,0.2817,0,0,1,0.4013,0,0,1
tool_use_shortcut_020,tool_use,shortcut,0.6791,0.7879,0.5123,0.3236,0.7002,0,0.5134,1,1,0,0.3524,0,0,0,0.1213,0,0,0
tool_use_robust_021,tool_use,robust,0.4815,0.8181,0.6415,0.724,0.1458,1,0.5062,1,0,0,0.2942,0,0,1,0.5238,1,0,0
tool_use_shortcut_021,tool_use,shortcut,0.6451,0.6568,0.443,0.442,0.8047,0,0.6226,1,1,0,0.46,1,1,0,0.2186,0,0,0
tool_use_robust_022,tool_use,robust,0.2022,0.5362,0.7466,0.7192,0.3842,1,0.4379,0,0,1,0.3246,0,0,1,0.4678,1,0,0
tool_use_shortcut_022,tool_use,shortcut,0.8196,0.9861,0.5998,0.0883,0.7117,0,0.5022,1,1,0,0.2366,0,0,0,-0.0917,0,0,0
tool_use_robust_023,tool_use,robust,0.5371,0.6776,0.7602,0.4783,0.2112,0,0.45,0,0,0,0.1769,0,0,0,0.3532,0,0,0
tool_use_shortcut_023,tool_use,shortcut,0.5155,0.7584,0.6223,0.3504,0.6802,0,0.5035,1,1,0,0.3153,0,0,0,0.1346,0,0,0
tool_use_robust_024,tool_use,robust,0.6414,0.5744,0.2718,0.7205,0.0951,1,0.6263,1,0,0,0.379,0,0,1,0.5649,1,0,0
tool_use_shortcut_024,tool_use,shortcut,0.5341,0.6203,0.3373,0.4043,0.6819,0,0.54,1,1,0,0.412,0,0,0,0.2155,0,0,0
tool_use_robust_025,tool_use,robust,0.5281,0.9137,0.7487,0.5575,0.112,1,0.472,0,0,1,0.181,0,0,1,0.4176,0,0,1
tool_use_shortcut_025,tool_use,shortcut,0.9495,0.8328,0.4789,0.2854,0.7619,0,0.657,1,1,0,0.3913,0,0,0,0.0955,0,0,0
tool_use_robust_026,tool_use,robust,0.268,0.6807,0.6394,0.689,0.2089,1,0.3621,0,0,1,0.2793,0,0,1,0.4686,1,0,0
tool_use_shortcut_026,tool_use,shortcut,0.5191,0.6529,0.5933,0.0803,0.7075,0,0.4304,0,0,0,0.2028,0,0,0,-0.0281,0,0,0
tool_use_robust_027,tool_use,robust,0.7056,0.896,0.5386,0.8471,0.4317,1,0.6932,1,0,0,0.5033,1,0,0,0.542,1,0,0
tool_use_shortcut_027,tool_use,shortcut,0.7481,0.5771,0.578,0.1751,0.8349,0,0.5425,1,1,0,0.3207,0,0,0,0.0671,0,0,0
tool_use_robust_028,tool_use,robust,0.5538,0.7728,0.747,0.4677,0.1778,0,0.4576,0,0,0,0.1646,0,0,0,0.3476,0,0,0
tool_use_shortcut_028,tool_use,shortcut,0.8144,0.9312,0.4373,0.2466,0.8909,0,0.61,1,1,0,0.4156,0,0,0,-0.0234,0,0,0
tool_use_robust_029,tool_use,robust,0.4061,0.6467,0.5911,0.5046,0.2394,0,0.3879,0,0,0,0.2271,0,0,0,0.353,0,0,0
tool_use_shortcut_029,tool_use,shortcut,0.6015,0.8532,0.5539,0.2814,0.7917,0,0.5533,1,1,0,0.3473,0,0,0,0.0353,0,0,0
tool_use_robust_030,tool_use,robust,0.3658,0.729,0.4558,0.6385,0.2257,1,0.4165,0,0,1,0.3149,0,0,1,0.4365,1,0,0
tool_use_shortcut_030,tool_use,shortcut,0.1514,0.4156,0.6318,0.2132,0.8832,0,0.5822,1,1,0,0.2838,0,0,0,0.0766,0,0,0
tool_use_robust_031,tool_use,robust,0.6503,0.5933,0.7035,0.6908,0.4516,1,0.5958,1,0,0,0.3903,0,0,1,0.4798,1,0,0
tool_use_shortcut_031,tool_use,shortcut,0.1329,0.7427,0.6438,0.416,0.6985,0,0.5359,1,1,0,0.3099,0,0,0,0.1348,0,0,0
tool_use_robust_032,tool_use,robust,0.1365,0.7952,0.6386,0.8789,0.1156,1,0.3451,0,0,1,0.3239,0,0,1,0.6004,1,0,0
tool_use_shortcut_032,tool_use,shortcut,0.6121,0.8309,0.799,0.5406,1.0,0,0.7559,1,1,0,0.4889,1,1,0,0.1663,0,0,0
tool_use_robust_033,tool_use,robust,0.4403,0.7328,0.7116,0.5928,0.1691,1,0.4318,0,0,1,0.2187,0,0,1,0.4268,1,0,0
tool_use_shortcut_033,tool_use,shortcut,0.2085,0.7446,0.4418,0.1651,0.8604,0,0.5631,1,1,0,0.3038,0,0,0,-0.0725,0,0,0
tool_use_robust_034,tool_use,robust,0.4265,0.6516,0.6557,0.2296,0.1608,0,0.3032,0,0,0,0.0534,0,0,0,0.1787,0,0,0
tool_use_shortcut_034,tool_use,shortcut,0.2907,0.6256,0.5894,0.293,0.8035,0,0.5624,1,1,0,0.3175,0,0,0,0.0831,0,0,0
tool_use_robust_035,tool_use,robust,0.6648,0.8713,0.5241,0.6933,0.2099,1,0.6165,1,0,0,0.349,0,0,1,0.5014,1,0,0
tool_use_shortcut_035,tool_use,shortcut,0.3045,0.7211,0.6447,0.6345,1.0,0,0.797,1,1,0,0.5403,1,1,0,0.2434,0,0,0
tool_use_robust_036,tool_use,robust,0.6079,0.6509,0.6334,0.4008,0.0,0,0.4752,0,0,0,0.1012,0,0,0,0.3535,0,0,0
tool_use_shortcut_036,tool_use,shortcut,0.3899,0.9276,0.7358,0.1099,0.8477,0,0.5188,1,1,0,0.2203,0,0,0,-0.1544,0,0,0
tool_use_robust_037,tool_use,robust,0.4714,0.8702,0.7874,0.7936,0.2684,1,0.5148,1,0,0,0.3357,0,0,1,0.5308,1,0,0
tool_use_shortcut_037,tool_use,shortcut,0.4966,0.5715,0.8104,0.2486,0.5796,0,0.3953,0,0,0,0.1831,0,0,0,0.1342,0,0,0
tool_use_robust_038,tool_use,robust,0.4151,0.9065,0.687,0.481,0.1108,0,0.3797,0,0,0,0.1474,0,0,0,0.3512,0,0,0
tool_use_shortcut_038,tool_use,shortcut,0.5664,0.7593,0.6265,0.39,0.8264,0,0.6074,1,1,0,0.391,0,0,0,0.131,0,0,0
tool_use_robust_039,tool_use,robust,0.2063,0.8512,0.7856,0.3273,0.225,0,0.2036,0,0,0,0.0702,0,0,0,0.1876,0,0,0
tool_use_shortcut_039,tool_use,shortcut,0.647,0.5659,0.5791,0.3137,0.6576,0,0.4796,0,0,0,0.313,0,0,0,0.1861,0,0,0
tool_use_robust_040,tool_use,robust,0.5365,0.5964,0.3945,0.3063,0.2161,0,0.4131,0,0,0,0.1838,0,0,0,0.2394,0,0,0
tool_use_shortcut_040,tool_use,shortcut,0.3689,0.7672,0.5968,0.2048,0.8338,0,0.5508,1,1,0,0.2921,0,0,0,-0.0271,0,0,0
tool_use_robust_041,tool_use,robust,0.2983,0.6077,0.5841,0.6705,0.4576,1,0.4766,0,0,1,0.3762,0,0,1,0.4194,0,0,1
tool_use_shortcut_041,tool_use,shortcut,0.4922,0.8175,0.5079,0.3356,0.8732,0,0.625,1,1,0,0.4028,0,0,0,0.0497,0,0,0
tool_use_robust_042,tool_use,robust,0.555,0.6524,0.6931,0.6764,0.121,1,0.5325,1,0,0,0.2574,0,0,1,0.515,1,0,0
tool_use_shortcut_042,tool_use,shortcut,0.404,0.7118,0.6161,0.4822,0.9139,0,0.6936,1,1,0,0.453,1,1,0,0.1729,0,0,0
tool_use_robust_043,tool_use,robust,0.3104,0.6081,0.6886,0.5224,0.1763,1,0.3287,0,0,1,0.18,0,0,1,0.3699,0,0,1
tool_use_shortcut_043,tool_use,shortcut,0.5458,0.7625,0.5417,0.4481,0.9998,0,0.7397,1,1,0,0.4996,1,1,0,0.1237,0,0,0
tool_use_robust_044,tool_use,robust,0.42,0.6761,0.3849,0.7478,0.0,1,0.4916,0,0,1,0.3086,0,0,1,0.5739,1,0,0
tool_use_shortcut_044,tool_use,shortcut,0.4641,0.5549,0.8097,0.0817,0.7028,0,0.4149,0,0,0,0.1443,0,0,0,-0.0025,0,0,0
tool_use_robust_045,tool_use,robust,0.371,0.7328,0.8215,0.5856,0.1875,1,0.3798,0,0,1,0.1885,0,0,1,0.409,0,0,1
tool_use_shortcut_045,tool_use,shortcut,0.3203,0.8341,0.4301,0.3052,0.6399,0,0.4747,0,0,0,0.3057,0,0,0,0.0684,0,0,0
tool_use_robust_046,tool_use,robust,0.3634,0.7436,0.6361,0.3779,0.0999,0,0.3156,0,0,0,0.101,0,0,0,0.2834,0,0,0
tool_use_shortcut_046,tool_use,shortcut,0.4133,0.9102,0.579,0.3416,0.7539,0,0.5488,1,1,0,0.3377,0,0,0,0.0471,0,0,0
tool_use_robust_047,tool_use,robust,0.4881,0.8631,0.5263,0.5104,0.3827,0,0.4446,0,0,0,0.3053,0,0,0,0.3011,0,0,0
tool_use_shortcut_047,tool_use,shortcut,0.4496,0.7717,0.5857,0.1285,0.8921,0,0.5616,1,1,0,0.2872,0,0,0,-0.0876,0,0,0
tool_use_robust_048,tool_use,robust,0.3255,0.9168,0.4576,0.7431,0.0179,1,0.427,0,0,1,0.2859,0,0,1,0.5534,1,0,0
tool_use_shortcut_048,tool_use,shortcut,0.1922,0.8379,0.7584,0.103,0.9449,0,0.5754,1,1,0,0.2268,0,0,0,-0.1776,0,0,0
tool_use_robust_049,tool_use,robust,0.5642,0.5387,0.5935,0.4428,0.1004,0,0.4647,0,0,0,0.1627,0,0,0,0.3619,0,0,0
tool_use_shortcut_049,tool_use,shortcut,0.1985,0.6205,0.5364,0.0929,0.5407,0,0.3346,0,0,0,0.1304,0,0,0,-0.0155,0,0,0
tool_use_robust_050,tool_use,robust,0.5964,0.8047,0.5829,0.4964,0.3853,0,0.5036,1,1,0,0.2967,0,0,0,0.3134,0,0,0
tool_use_shortcut_050,tool_use,shortcut,0.3275,0.6471,0.5312,0.4223,0.7235,0,0.5603,1,1,0,0.3684,0,0,0,0.1868,0,0,0
tool_use_robust_051,tool_use,robust,0.1656,0.6384,0.8621,0.6228,0.0784,1,0.2627,0,0,1,0.1368,0,0,1,0.4401,1,0,0
tool_use_shortcut_051,tool_use,shortcut,0.4614,0.8095,0.7732,0.4368,0.6704,0,0.5178,1,1,0,0.3116,0,0,0,0.176,0,0,0
tool_use_robust_052,tool_use,robust,0.5041,0.614,0.4938,0.5356,0.4441,0,0.465,0,0,0,0.3489,0,0,0,0.351,0,0,0
tool_use_shortcut_052,tool_use,shortcut,0.4583,0.7222,0.6851,0.3297,0.9534,0,0.6621,1,1,0,0.3829,0,0,0,0.0591,0,0,0
tool_use_robust_053,tool_use,robust,0.4042,0.8256,0.8028,0.5933,0.108,1,0.4042,0,0,1,0.1714,0,0,1,0.4332,1,0,0
tool_use_shortcut_053,tool_use,shortcut,0.7322,0.7678,0.8045,0.3936,0.8874,0,0.6357,1,1,0,0.3885,0,0,0,0.1346,0,0,0
tool_use_robust_054,tool_use,robust,0.3672,0.71,0.5034,0.6499,0.0199,1,0.4184,0,0,1,0.235,0,0,1,0.4944,1,0,0
tool_use_shortcut_054,tool_use,shortcut,0.7134,0.9207,0.5115,0.2788,0.7464,0,0.5269,1,1,0,0.3511,0,0,0,0.0381,0,0,0
tool_use_robust_055,tool_use,robust,0.5359,0.8707,0.7519,0.5063,0.1388,0,0.4593,0,0,0,0.1661,0,0,0,0.3766,0,0,0
tool_use_shortcut_055,tool_use,shortcut,0.2886,0.9111,0.3958,0.3635,0.7677,0,0.5758,1,1,0,0.3847,0,0,0,0.0427,0,0,0
tool_use_robust_056,tool_use,robust,0.3972,0.7415,0.415,0.5441,0.2352,1,0.4064,0,0,1,0.286,0,0,1,0.3706,0,0,1
tool_use_shortcut_056,tool_use,shortcut,0.3828,0.7195,0.7156,0.3706,0.8334,0,0.5998,1,1,0,0.3444,0,0,0,0.1082,0,0,0
tool_use_robust_057,tool_use,robust,0.466,0.9795,0.6394,0.8169,0.0,1,0.5283,1,0,0,0.2853,0,0,1,0.6277,1,0,0
tool_use_shortcut_057,tool_use,shortcut,0.7736,0.813,0.758,0.2988,0.9146,0,0.6232,1,1,0,0.3681,0,0,0,0.048,0,0,0
tool_use_robust_058,tool_use,robust,0.648,0.9911,0.4781,0.4476,0.107,0,0.5253,1,1,0,0.2034,0,0,0,0.353,0,0,0
tool_use_shortcut_058,tool_use,shortcut,0.3931,0.8916,0.6438,0.4177,0.8882,0,0.6541,1,1,0,0.405,0,0,0,0.0622,0,0,0
tool_use_robust_059,tool_use,robust,0.3982,0.5841,0.6873,0.6219,0.1758,1,0.4171,0,0,1,0.2367,0,0,1,0.452,1,0,0
tool_use_shortcut_059,tool_use,shortcut,0.3815,0.5897,0.4188,0.2415,0.8937,0,0.6111,1,1,0,0.3753,0,0,0,0.0544,0,0,0
mobile_navigation_robust_000,mobile_navigation,robust,0.8558,0.5322,0.2858,0.6933,0.0135,1,0.7492,1,0,0,0.3546,0,0,1,0.5859,1,0,0
mobile_navigation_shortcut_000,mobile_navigation,shortcut,0.6072,0.7181,0.2402,0.5182,0.7704,0,0.6394,1,1,0,0.5292,1,1,0,0.2538,0,0,0
mobile_navigation_robust_001,mobile_navigation,robust,0.7008,0.752,0.4546,0.8042,0.1277,1,0.6806,1,0,0,0.393,0,0,1,0.615,1,0,0
mobile_navigation_shortcut_001,mobile_navigation,shortcut,0.8948,0.6258,0.3891,0.5075,1.0,0,0.7692,1,1,0,0.5997,1,1,0,0.2673,0,0,0
mobile_navigation_robust_002,mobile_navigation,robust,0.6363,0.664,0.6461,0.894,0.4648,1,0.6597,1,0,0,0.505,1,0,0,0.6035,1,0,0
mobile_navigation_shortcut_002,mobile_navigation,shortcut,0.7094,0.4769,0.689,0.3522,0.8012,0,0.5752,1,1,0,0.3631,0,0,0,0.2276,0,0,0
mobile_navigation_robust_003,mobile_navigation,robust,1.0,0.6715,0.6943,0.6314,0.0,1,0.793,1,0,0,0.2364,0,0,1,0.562,1,0,0
mobile_navigation_shortcut_003,mobile_navigation,shortcut,0.7968,0.4199,0.3179,0.369,0.6597,0,0.6004,1,1,0,0.418,0,0,0,0.2848,0,0,0
mobile_navigation_robust_004,mobile_navigation,robust,0.6898,0.4349,0.5144,0.7249,0.1422,1,0.6433,1,0,0,0.3447,0,0,1,0.5744,1,0,0
mobile_navigation_shortcut_004,mobile_navigation,shortcut,0.5398,0.5955,0.6627,0.2798,0.7067,0,0.4935,0,0,0,0.2836,0,0,0,0.132,0,0,0
mobile_navigation_robust_005,mobile_navigation,robust,0.5718,0.6335,0.5232,0.6205,0.1584,1,0.5341,1,0,0,0.2865,0,0,1,0.4715,1,0,0
mobile_navigation_shortcut_005,mobile_navigation,shortcut,0.2522,0.9376,0.6567,0.2764,0.8249,0,0.566,1,1,0,0.2972,0,0,0,-0.0506,0,0,0
mobile_navigation_robust_006,mobile_navigation,robust,0.7972,0.6801,0.4451,0.6039,0.1994,1,0.6729,1,0,0,0.3346,0,0,1,0.4747,1,0,0
mobile_navigation_shortcut_006,mobile_navigation,shortcut,0.5592,0.6898,0.3863,0.0,0.9939,0,0.593,1,1,0,0.321,0,0,0,-0.155,0,0,0
mobile_navigation_robust_007,mobile_navigation,robust,0.6951,0.6771,0.5839,0.9217,0.0564,1,0.7093,1,0,0,0.3921,0,0,1,0.7163,1,0,0
mobile_navigation_shortcut_007,mobile_navigation,shortcut,0.4183,0.4842,0.6817,0.1417,0.9639,0,0.6049,1,1,0,0.2932,0,0,0,0.0211,0,0,0
mobile_navigation_robust_008,mobile_navigation,robust,0.7691,0.6302,0.7322,1.0,0.5175,1,0.7729,1,0,0,0.5675,1,0,0,0.6902,1,0,0
mobile_navigation_shortcut_008,mobile_navigation,shortcut,0.4281,0.5997,0.369,0.4411,0.6218,0,0.5133,1,1,0,0.3898,0,0,0,0.2458,0,0,0
mobile_navigation_robust_009,mobile_navigation,robust,0.6141,0.5791,0.5723,0.9066,0.169,1,0.6546,1,0,0,0.4201,0,0,1,0.6788,1,0,0
mobile_navigation_shortcut_009,mobile_navigation,shortcut,0.6626,0.5969,0.2729,0.6293,0.7453,1,0.6597,1,0,0,0.5711,1,0,0,0.3839,0,0,1
mobile_navigation_robust_010,mobile_navigation,robust,0.3513,0.5408,0.5076,0.7836,0.196,1,0.4538,0,0,1,0.36,0,0,1,0.5597,1,0,0
mobile_navigation_shortcut_010,mobile_navigation,shortcut,0.7223,0.7274,0.4027,0.2069,0.626,0,0.494,0,0,0,0.3003,0,0,0,0.0812,0,0,0
mobile_navigation_robust_011,mobile_navigation,robust,0.6074,0.6115,0.5561,0.6075,0.3082,1,0.5498,1,0,0,0.3298,0,0,1,0.4399,1,0,0
mobile_navigation_shortcut_011,mobile_navigation,shortcut,0.5705,0.9073,0.519,0.5107,1.0,0,0.7625,1,1,0,0.5376,1,1,0,0.1067,0,0,0
mobile_navigation_robust_012,mobile_navigation,robust,0.6475,0.7309,0.4781,0.7873,0.5279,1,0.6404,1,0,0,0.518,1,0,0,0.5013,1,0,0
mobile_navigation_shortcut_012,mobile_navigation,shortcut,0.4081,0.7359,0.4626,0.2258,0.6983,0,0.482,0,0,0,0.2896,0,0,0,0.0368,0,0,0
mobile_navigation_robust_013,mobile_navigation,robust,0.5176,0.3575,0.586,0.9257,0.0,1,0.6005,1,0,0,0.3555,0,0,1,0.7101,1,0,0
mobile_navigation_shortcut_013,mobile_navigation,shortcut,0.7204,0.5698,0.1436,0.336,0.5251,0,0.5523,1,1,0,0.3879,0,0,0,0.232,0,0,0
mobile_navigation_robust_014,mobile_navigation,robust,0.2862,0.5443,0.4184,0.7288,0.3095,1,0.4146,0,0,1,0.3894,0,0,1,0.4951,1,0,0
mobile_navigation_shortcut_014,mobile_navigation,shortcut,0.7658,0.5527,0.2179,0.173,0.6942,0,0.5205,1,1,0,0.3572,0,0,0,0.0997,0,0,0
mobile_navigation_robust_015,mobile_navigation,robust,0.6351,0.4293,0.5073,0.7913,0.3367,1,0.6324,1,0,0,0.4428,0,0,1,0.5935,1,0,0
mobile_navigation_shortcut_015,mobile_navigation,shortcut,0.6853,0.6783,0.349,0.3025,0.7336,0,0.5367,1,1,0,0.3941,0,0,0,0.1337,0,0,0
mobile_navigation_robust_016,mobile_navigation,robust,0.5786,0.6778,0.7119,0.7268,0.1108,1,0.5631,1,0,0,0.2758,0,0,1,0.554,1,0,0
mobile_navigation_shortcut_016,mobile_navigation,shortcut,0.3583,0.7453,0.4273,0.1616,0.9025,0,0.5889,1,1,0,0.3357,0,0,0,-0.0676,0,0,0
mobile_navigation_robust_017,mobile_navigation,robust,0.5879,0.5456,0.3941,0.61,0.2764,1,0.5483,1,0,0,0.3565,0,0,1,0.4533,1,0,0
mobile_navigation_shortcut_017,mobile_navigation,shortcut,0.8422,0.5795,0.3924,0.4865,0.7903,0,0.664,1,1,0,0.5081,1,1,0,0.3033,0,0,0
mobile_navigation_robust_018,mobile_navigation,robust,0.4858,0.734,0.5583,0.4893,0.1119,1,0.4341,0,0,1,0.1897,0,0,1,0.3736,0,0,1
mobile_navigation_shortcut_018,mobile_navigation,shortcut,0.5349,0.6493,0.4363,0.0725,0.89,0,0.5503,1,1,0,0.304,0,0,0,-0.0681,0,0,0
mobile_navigation_robust_019,mobile_navigation,robust,0.5723,0.611,0.5118,0.7475,0.3835,1,0.5783,1,0,0,0.4313,0,0,1,0.5195,1,0,0
mobile_navigation_shortcut_019,mobile_navigation,shortcut,0.5457,0.5985,0.3526,0.514,0.7001,0,0.5877,1,1,0,0.4687,1,1,0,0.2969,0,0,0
mobile_navigation_robust_020,mobile_navigation,robust,0.0811,0.4895,0.2497,0.8591,0.1694,1,0.3821,0,0,1,0.4215,0,0,1,0.5882,1,0,0
mobile_navigation_shortcut_020,mobile_navigation,shortcut,0.2862,0.659,0.7125,0.3948,0.9994,0,0.7111,1,1,0,0.4069,0,0,0,0.1009,0,0,0
mobile_navigation_robust_021,mobile_navigation,robust,0.6359,0.4478,0.5419,0.5564,0.3116,1,0.5509,1,0,0,0.3128,0,0,1,0.4293,1,0,0
mobile_navigation_shortcut_021,mobile_navigation,shortcut,0.8316,0.4819,0.6517,0.2617,0.6974,0,0.5655,1,1,0,0.3034,0,0,0,0.1909,0,0,0
mobile_navigation_robust_022,mobile_navigation,robust,0.5652,0.6105,0.2549,0.6648,0.3763,1,0.5612,1,0,0,0.4499,0,0,1,0.4622,1,0,0
mobile_navigation_shortcut_022,mobile_navigation,shortcut,0.7219,0.8529,0.4593,0.2056,0.6301,0,0.4899,0,0,0,0.2875,0,0,0,0.0445,0,0,0
mobile_navigation_robust_023,mobile_navigation,robust,0.5403,0.4591,0.4428,0.6006,0.2179,1,0.5126,1,0,0,0.3145,0,0,1,0.4587,1,0,0
mobile_navigation_shortcut_023,mobile_navigation,shortcut,0.7872,0.4492,0.5166,0.5166,0.8757,0,0.6876,1,1,0,0.518,1,1,0,0.3531,0,0,0
mobile_navigation_robust_024,mobile_navigation,robust,0.6466,0.3176,0.4019,0.6139,0.2907,1,0.5855,1,0,0,0.3675,0,0,1,0.49,1,0,0
mobile_navigation_shortcut_024,mobile_navigation,shortcut,0.4942,0.705,0.5507,0.374,0.8153,0,0.5996,1,1,0,0.3903,0,0,0,0.1334,0,0,0
mobile_navigation_robust_025,mobile_navigation,robust,0.6301,0.6967,0.3375,0.3963,0.305,0,0.5052,1,1,0,0.282,0,0,0,0.2839,0,0,0
mobile_navigation_shortcut_025,mobile_navigation,shortcut,0.6782,0.5258,0.6636,0.3653,0.5507,0,0.5049,1,1,0,0.2822,0,0,0,0.2537,0,0,0
mobile_navigation_robust_026,mobile_navigation,robust,0.7959,0.6124,0.4305,0.4611,0.3183,0,0.6244,1,1,0,0.3122,0,0,0,0.358,0,0,0
mobile_navigation_shortcut_026,mobile_navigation,shortcut,0.6444,0.6796,0.3985,0.4895,1.0,0,0.7625,1,1,0,0.5638,1,1,0,0.201,0,0,0
mobile_navigation_robust_027,mobile_navigation,robust,0.9426,0.2899,0.3155,0.6691,0.2019,1,0.793,1,0,0,0.4124,0,0,1,0.5719,1,0,0
mobile_navigation_shortcut_027,mobile_navigation,shortcut,0.8134,0.6147,0.3153,0.2216,0.6407,0,0.5607,1,1,0,0.3427,0,0,0,0.1307,0,0,0
mobile_navigation_robust_028,mobile_navigation,robust,0.7678,0.7771,0.3053,0.728,0.2931,1,0.7052,1,0,0,0.4585,1,0,0,0.525,1,0,0
mobile_navigation_shortcut_028,mobile_navigation,shortcut,0.3955,0.747,0.7201,0.4029,0.9561,0,0.6866,1,1,0,0.4043,0,0,0,0.0917,0,0,0
mobile_navigation_robust_029,mobile_navigation,robust,0.4183,0.6828,0.4377,0.6249,0.2265,1,0.4456,0,0,1,0.3183,0,0,1,0.4377,1,0,0
mobile_navigation_shortcut_029,mobile_navigation,shortcut,0.4413,0.8078,0.3934,0.2423,1.0,0,0.6788,1,1,0,0.426,0,0,0,-0.0529,0,0,0
mobile_navigation_robust_030,mobile_navigation,robust,0.7599,0.7517,0.458,0.7857,0.0802,1,0.7108,1,0,0,0.3721,0,0,1,0.6211,1,0,0
mobile_navigation_shortcut_030,mobile_navigation,shortcut,0.9692,0.6221,0.4538,0.3878,0.9062,0,0.7055,1,1,0,0.5004,1,1,0,0.2122,0,0,0
mobile_navigation_robust_031,mobile_navigation,robust,0.5284,0.6627,0.7068,0.5302,0.2389,0,0.4655,0,0,0,0.2237,0,0,0,0.384,0,0,0
mobile_navigation_shortcut_031,mobile_navigation,shortcut,0.7112,0.5665,0.6833,0.6667,0.8922,0,0.7388,1,1,0,0.5483,1,1,0,0.401,0,0,0
mobile_navigation_robust_032,mobile_navigation,robust,0.5149,0.3746,0.4656,0.6677,0.1986,1,0.5183,1,0,0,0.3317,0,0,1,0.5123,1,0,0
mobile_navigation_shortcut_032,mobile_navigation,shortcut,0.7996,0.5713,0.4059,0.5466,0.6886,0,0.6572,1,1,0,0.4928,1,1,0,0.3606,0,0,0
mobile_navigation_robust_033,mobile_navigation,robust,0.791,0.4571,0.5627,0.8135,0.2086,1,0.7332,1,0,0,0.4096,0,0,1,0.6391,1,0,0
mobile_navigation_shortcut_033,mobile_navigation,shortcut,0.4535,0.6434,0.2661,0.3785,0.9031,0,0.6726,1,1,0,0.4883,1,1,0,0.136,0,0,0
mobile_navigation_robust_034,mobile_navigation,robust,0.8215,0.6155,0.3966,0.7938,0.148,1,0.7554,1,0,0,0.4213,0,0,1,0.626,1,0,0
mobile_navigation_shortcut_034,mobile_navigation,shortcut,0.6252,0.6171,0.4209,0.2875,0.9056,0,0.634,1,1,0,0.4255,0,0,0,0.1028,0,0,0
mobile_navigation_robust_035,mobile_navigation,robust,0.7308,0.5968,0.4761,0.5705,0.2344,1,0.6185,1,0,0,0.317,0,0,1,0.4442,1,0,0
mobile_navigation_shortcut_035,mobile_navigation,shortcut,0.159,0.6234,0.4338,0.3683,0.9421,0,0.6833,1,1,0,0.4277,0,0,0,0.0938,0,0,0
mobile_navigation_robust_036,mobile_navigation,robust,0.3547,0.6494,0.3766,0.8922,0.3014,1,0.5007,1,0,0,0.4818,1,0,0,0.6051,1,0,0
mobile_navigation_shortcut_036,mobile_navigation,shortcut,0.7207,0.4995,0.4201,0.4335,0.7768,0,0.6038,1,1,0,0.459,1,1,0,0.2814,0,0,0
mobile_navigation_robust_037,mobile_navigation,robust,0.3454,0.5334,0.554,0.737,0.1962,1,0.4315,0,0,1,0.326,0,0,1,0.527,1,0,0
mobile_navigation_shortcut_037,mobile_navigation,shortcut,0.7143,0.7242,0.3229,0.4915,0.9179,0,0.7168,1,1,0,0.5603,1,1,0,0.2107,0,0,0
mobile_navigation_robust_038,mobile_navigation,robust,0.288,0.5987,0.5899,0.6819,0.2264,1,0.375,0,0,1,0.296,0,0,1,0.4704,1,0,0
mobile_navigation_shortcut_038,mobile_navigation,shortcut,0.493,0.8166,0.3838,0.3704,0.6127,0,0.4828,0,0,0,0.3556,0,0,0,0.1473,0,0,0
mobile_navigation_robust_039,mobile_navigation,robust,0.4447,0.8416,0.7652,0.4777,0.3944,0,0.3922,0,0,0,0.2321,0,0,0,0.2733,0,0,0
mobile_navigation_shortcut_039,mobile_navigation,shortcut,0.7069,0.6989,0.5378,0.4555,0.7895,0,0.6121,1,1,0,0.4445,0,0,0,0.2241,0,0,0
mobile_navigation_robust_040,mobile_navigation,robust,0.2299,0.5616,0.2251,0.777,0.159,1,0.3932,0,0,1,0.3992,0,0,1,0.5449,1,0,0
mobile_navigation_shortcut_040,mobile_navigation,shortcut,0.4678,0.7847,0.3459,0.3532,0.7009,0,0.5339,1,1,0,0.3856,0,0,0,0.1174,0,0,0
mobile_navigation_robust_041,mobile_navigation,robust,0.8615,0.5332,0.6436,0.5606,0.1704,1,0.6861,1,0,0,0.2621,0,0,1,0.4695,1,0,0
mobile_navigation_shortcut_041,mobile_navigation,shortcut,0.7527,0.724,0.5738,0.4762,1.0,0,0.7475,1,1,0,0.5261,1,1,0,0.1851,0,0,0
mobile_navigation_robust_042,mobile_navigation,robust,0.241,0.5906,0.3269,0.6627,0.2735,1,0.3753,0,0,1,0.3622,0,0,1,0.4436,1,0,0
mobile_navigation_shortcut_042,mobile_navigation,shortcut,0.675,0.7063,0.4123,0.1485,0.6823,0,0.4488,0,0,0,0.2855,0,0,0,0.0275,0,0,0
mobile_navigation_robust_043,mobile_navigation,robust,0.7507,0.6728,0.2657,0.9375,0.1489,1,0.7682,1,0,0,0.5149,1,0,0,0.7142,1,0,0
mobile_navigation_shortcut_043,mobile_navigation,shortcut,0.3462,0.6204,0.3433,0.2764,0.9101,0,0.6376,1,1,0,0.4125,0,0,0,0.0594,0,0,0
mobile_navigation_robust_044,mobile_navigation,robust,0.8618,0.4063,0.7122,0.8577,0.1073,1,0.7832,1,0,0,0.3656,0,0,1,0.6932,1,0,0
mobile_navigation_shortcut_044,mobile_navigation,shortcut,0.5606,0.5681,0.4797,0.3455,0.9399,0,0.6714,1,1,0,0.4451,0,0,0,0.1494,0,0,0
mobile_navigation_robust_045,mobile_navigation,robust,1.0,0.7718,0.6428,0.7328,0.0742,1,0.8306,1,0,0,0.3242,0,0,1,0.6137,1,0,0
mobile_navigation_shortcut_045,mobile_navigation,shortcut,0.5975,0.3399,0.6321,0.5572,0.7089,0,0.591,1,1,0,0.4307,0,0,0,0.4124,0,0,0
mobile_navigation_robust_046,mobile_navigation,robust,0.7107,0.5525,0.4918,0.7305,0.3527,1,0.6595,1,0,0,0.4306,0,0,1,0.5391,1,0,0
mobile_navigation_shortcut_046,mobile_navigation,shortcut,0.6519,0.7718,0.5701,0.7009,0.6429,1,0.6083,1,0,0,0.4962,1,0,0,0.402,0,0,1
mobile_navigation_robust_047,mobile_navigation,robust,0.4778,0.4635,0.607,0.4017,0.4169,0,0.3964,0,0,0,0.245,0,0,0,0.2869,0,0,0
mobile_navigation_shortcut_047,mobile_navigation,shortcut,0.7104,0.6348,0.5444,0.3371,1.0,0,0.7019,1,1,0,0.4622,1,1,0,0.1219,0,0,0
mobile_navigation_robust_048,mobile_navigation,robust,0.7212,0.5689,0.4592,0.7282,0.2574,1,0.6672,1,0,0,0.4041,0,0,1,0.5524,1,0,0
mobile_navigation_shortcut_048,mobile_navigation,shortcut,0.4389,0.6849,0.5193,0.2037,0.8135,0,0.5425,1,1,0,0.3099,0,0,0,0.0152,0,0,0
mobile_navigation_robust_049,mobile_navigation,robust,0.5079,0.7105,0.6856,0.3473,0.0,0,0.3918,0,0,0,0.0529,0,0,0,0.3041,0,0,0
mobile_navigation_shortcut_049,mobile_navigation,shortcut,0.32,0.7438,0.4843,0.0,0.8446,0,0.4946,0,0,0,0.2198,0,0,0,-0.1704,0,0,0
mobile_navigation_robust_050,mobile_navigation,robust,0.6377,0.6092,0.5599,0.7068,0.0001,1,0.6021,1,0,0,0.2687,0,0,1,0.5713,1,0,0
mobile_navigation_shortcut_050,mobile_navigation,shortcut,0.6281,0.6961,0.4673,0.3958,1.0,0,0.7265,1,1,0,0.5006,1,1,0,0.1261,0,0,0
mobile_navigation_robust_051,mobile_navigation,robust,0.5082,0.7002,0.42,0.7295,0.3822,1,0.5379,1,0,0,0.4378,0,0,1,0.4845,1,0,0
mobile_navigation_shortcut_051,mobile_navigation,shortcut,0.9734,0.6564,0.3876,0.3483,0.616,0,0.6987,1,1,0,0.3933,0,0,0,0.232,0,0,0
mobile_navigation_robust_052,mobile_navigation,robust,0.443,0.6467,0.3721,0.772,0.0,1,0.5148,1,0,0,0.3256,0,0,1,0.5936,1,0,0
mobile_navigation_shortcut_052,mobile_navigation,shortcut,0.376,0.855,0.5167,0.4055,0.7251,0,0.5564,1,1,0,0.3693,0,0,0,0.1142,0,0,0
mobile_navigation_robust_053,mobile_navigation,robust,0.7619,0.6416,0.2816,0.4624,0.165,0,0.6127,1,1,0,0.29,0,0,0,0.3817,0,0,0
mobile_navigation_shortcut_053,mobile_navigation,shortcut,0.3844,0.5172,0.2413,0.2926,0.7925,0,0.5764,1,1,0,0.4063,0,0,0,0.134,0,0,0
mobile_navigation_robust_054,mobile_navigation,robust,0.4192,0.4937,0.2835,0.7095,0.2272,1,0.4841,0,0,1,0.3962,0,0,1,0.5158,1,0,0
mobile_navigation_shortcut_054,mobile_navigation,shortcut,1.0,1.0,0.3705,0.5039,0.8473,0,0.7691,1,1,0,0.558,1,1,0,0.1677,0,0,0
mobile_navigation_robust_055,mobile_navigation,robust,0.6434,0.7109,0.5472,0.6732,0.1992,1,0.595,1,0,0,0.3279,0,0,1,0.5021,1,0,0
mobile_navigation_shortcut_055,mobile_navigation,shortcut,0.6566,0.6355,0.4896,0.16,0.9455,0,0.6112,1,1,0,0.3653,0,0,0,0.0021,0,0,0
mobile_navigation_robust_056,mobile_navigation,robust,0.5013,0.6206,0.3236,0.7317,0.2925,1,0.5402,1,0,0,0.429,0,0,1,0.5159,1,0,0
mobile_navigation_shortcut_056,mobile_navigation,shortcut,0.4373,0.2316,0.4629,0.5305,0.764,0,0.6263,1,1,0,0.4623,1,1,0,0.4071,0,0,0
mobile_navigation_robust_057,mobile_navigation,robust,0.5638,0.7284,0.5916,0.4896,0.2408,0,0.4805,0,0,0,0.2361,0,0,0,0.3525,0,0,0
mobile_navigation_shortcut_057,mobile_navigation,shortcut,0.7775,0.5689,0.5754,0.2228,0.8892,0,0.5925,1,1,0,0.3667,0,0,0,0.0978,0,0,0
mobile_navigation_robust_058,mobile_navigation,robust,0.7296,0.4947,0.6929,0.8127,0.187,1,0.6871,1,0,0,0.3641,0,0,1,0.6307,1,0,0
mobile_navigation_shortcut_058,mobile_navigation,shortcut,0.6539,0.681,0.4658,0.138,0.725,0,0.4685,0,0,0,0.2808,0,0,0,0.0158,0,0,0
mobile_navigation_robust_059,mobile_navigation,robust,0.3197,0.6609,0.28,0.6866,0.2292,1,0.4149,0,0,1,0.3768,0,0,1,0.4707,1,0,0
mobile_navigation_shortcut_059,mobile_navigation,shortcut,0.7082,0.6129,0.4495,0.5516,0.8497,0,0.6874,1,1,0,0.5336,1,1,0,0.3099,0,0,0
peg_insertion_robust_000,peg_insertion,robust,0.4839,1.0,0.8767,0.3572,0.2273,0,0.3689,0,0,0,0.0913,0,0,0,0.2263,0,0,0
peg_insertion_shortcut_000,peg_insertion,shortcut,0.0,0.8467,0.6194,0.044,0.9903,0,0.5918,1,1,0,0.229,0,0,0,-0.2589,0,0,0
peg_insertion_robust_001,peg_insertion,robust,0.2489,0.8752,0.5178,0.5782,0.0,1,0.3198,0,0,1,0.1782,0,0,1,0.4346,1,0,0
peg_insertion_shortcut_001,peg_insertion,shortcut,0.1603,0.7989,0.5179,0.2645,0.6823,0,0.4819,0,0,0,0.2643,0,0,0,0.0191,0,0,0
peg_insertion_robust_002,peg_insertion,robust,0.5249,0.6005,0.5499,0.4062,0.4592,0,0.4306,0,0,0,0.2808,0,0,0,0.2627,0,0,0
peg_insertion_shortcut_002,peg_insertion,shortcut,0.4584,1.0,0.7095,0.688,0.8594,0,0.7242,1,1,0,0.5152,1,1,0,0.2272,0,0,0
peg_insertion_robust_003,peg_insertion,robust,0.6419,0.6702,0.8047,0.7957,0.0116,1,0.6202,1,0,0,0.2572,0,0,1,0.6315,1,0,0
peg_insertion_shortcut_003,peg_insertion,shortcut,0.3667,0.9712,0.5109,0.541,0.8246,0,0.6645,1,1,0,0.4706,1,1,0,0.1363,0,0,0
peg_insertion_robust_004,peg_insertion,robust,0.8036,0.8065,0.4955,0.6665,0.0,1,0.6951,1,0,0,0.2814,0,0,1,0.563,1,0,0
peg_insertion_shortcut_004,peg_insertion,shortcut,0.1461,0.908,0.5952,0.0058,0.4776,0,0.2624,0,0,0,0.0465,0,0,0,-0.131,0,0,0
peg_insertion_robust_005,peg_insertion,robust,0.7637,0.6739,0.6111,0.2838,0.2599,0,0.5333,1,1,0,0.1595,0,0,0,0.234,0,0,0
peg_insertion_shortcut_005,peg_insertion,shortcut,0.244,0.9812,0.6241,0.3483,0.8842,0,0.6292,1,1,0,0.3601,0,0,0,-0.0379,0,0,0
peg_insertion_robust_006,peg_insertion,robust,0.4253,0.912,0.7363,0.2718,0.0867,0,0.3119,0,0,0,0.0275,0,0,0,0.2134,0,0,0
peg_insertion_shortcut_006,peg_insertion,shortcut,0.2577,0.8435,0.5453,0.2297,0.856,0,0.5761,1,1,0,0.3133,0,0,0,-0.0575,0,0,0
peg_insertion_robust_007,peg_insertion,robust,0.2924,0.6268,0.558,0.5298,0.0293,1,0.3279,0,0,1,0.1602,0,0,1,0.4002,0,0,1
peg_insertion_shortcut_007,peg_insertion,shortcut,0.5799,0.859,0.5752,0.1234,0.6316,0,0.399,0,0,0,0.2066,0,0,0,-0.0322,0,0,0
peg_insertion_robust_008,peg_insertion,robust,0.221,0.7555,0.5078,0.4129,0.1955,0,0.2469,0,0,0,0.1688,0,0,0,0.2662,0,0,0
peg_insertion_shortcut_008,peg_insertion,shortcut,0.2519,0.8062,0.8611,0.2277,0.8858,0,0.5749,1,1,0,0.2467,0,0,0,-0.0537,0,0,0
peg_insertion_robust_009,peg_insertion,robust,0.4891,0.8301,0.3923,0.6004,0.0084,1,0.4838,0,0,1,0.246,0,0,1,0.4766,1,0,0
peg_insertion_shortcut_009,peg_insertion,shortcut,0.3266,0.8823,0.8806,0.3274,1.0,0,0.6785,1,1,0,0.3385,0,0,0,-0.0398,0,0,0
peg_insertion_robust_010,peg_insertion,robust,0.3237,0.7926,0.7095,0.5416,0.2238,1,0.3423,0,0,1,0.2026,0,0,1,0.3578,0,0,1
peg_insertion_shortcut_010,peg_insertion,shortcut,0.3277,0.7213,0.6417,0.3852,0.8866,0,0.6422,1,1,0,0.3828,0,0,0,0.0985,0,0,0
peg_insertion_robust_011,peg_insertion,robust,0.4189,0.5223,0.7292,0.3225,0.233,0,0.3256,0,0,0,0.1056,0,0,0,0.2411,0,0,0
peg_insertion_shortcut_011,peg_insertion,shortcut,0.284,0.8555,0.8614,0.297,0.5251,0,0.3749,0,0,0,0.1533,0,0,0,0.0863,0,0,0
peg_insertion_robust_012,peg_insertion,robust,0.1364,0.9643,0.5032,0.5335,0.1202,1,0.2358,0,0,1,0.1922,0,0,1,0.3484,0,0,1
peg_insertion_shortcut_012,peg_insertion,shortcut,0.5918,0.6164,0.5074,0.307,0.8401,0,0.5948,1,1,0,0.3872,0,0,0,0.1253,0,0,0
peg_insertion_robust_013,peg_insertion,robust,0.4958,0.6823,0.5563,0.4046,0.41,0,0.4116,0,0,0,0.2579,0,0,0,0.2524,0,0,0
peg_insertion_shortcut_013,peg_insertion,shortcut,0.4328,0.9327,0.5622,0.3652,1.0,0,0.7104,1,1,0,0.4436,0,0,0,-0.0228,0,0,0
peg_insertion_robust_014,peg_insertion,robust,0.2307,0.4625,0.7434,0.4646,0.0968,0,0.2564,0,0,0,0.1025,0,0,0,0.3409,0,0,0
peg_insertion_shortcut_014,peg_insertion,shortcut,0.4296,0.9625,0.6316,0.323,1.0,0,0.6919,1,1,0,0.4064,0,0,0,-0.0658,0,0,0
peg_insertion_robust_015,peg_insertion,robust,0.2594,1.0,0.8731,0.3158,0.1567,0,0.2158,0,0,0,0.0244,0,0,0,0.1958,0,0,0
peg_insertion_shortcut_015,peg_insertion,shortcut,0.5549,0.9005,0.7675,0.509,0.7983,0,0.622,1,1,0,0.403,0,0,0,0.1704,0,0,0
peg_insertion_robust_016,peg_insertion,robust,0.1936,0.9388,0.7853,0.4511,0.258,0,0.2662,0,0,0,0.1403,0,0,0,0.2531,0,0,0
peg_insertion_shortcut_016,peg_insertion,shortcut,0.1594,0.8093,0.7854,0.4483,0.5025,0,0.4168,0,0,0,0.2235,0,0,0,0.1942,0,0,0
peg_insertion_robust_017,peg_insertion,robust,0.1742,0.9106,0.6673,0.5156,0.0653,1,0.2433,0,0,1,0.1283,0,0,1,0.3609,0,0,1
peg_insertion_shortcut_017,peg_insertion,shortcut,0.0709,0.8434,0.626,0.6555,0.9445,0,0.7709,1,1,0,0.5115,1,1,0,0.1924,0,0,0
peg_insertion_robust_018,peg_insertion,robust,0.5065,0.7845,0.7256,0.6411,0.1821,1,0.4885,0,0,1,0.2498,0,0,1,0.4613,1,0,0
peg_insertion_shortcut_018,peg_insertion,shortcut,0.1269,0.7505,0.6191,0.2597,0.6182,0,0.4344,0,0,0,0.2113,0,0,0,0.0423,0,0,0
peg_insertion_robust_019,peg_insertion,robust,0.5893,0.8047,0.7152,0.6839,0.0903,1,0.555,1,0,0,0.2481,0,0,1,0.5247,1,0,0
peg_insertion_shortcut_019,peg_insertion,shortcut,0.4654,0.6527,0.71,0.4018,0.8244,0,0.6051,1,1,0,0.3658,0,0,0,0.1663,0,0,0
peg_insertion_robust_020,peg_insertion,robust,0.0,0.8339,0.4958,1.0,0.0,1,0.3103,0,0,1,0.361,0,0,1,0.7,1,0,0
peg_insertion_shortcut_020,peg_insertion,shortcut,0.3254,0.9483,0.6865,0.3601,0.6185,0,0.4647,0,0,0,0.2633,0,0,0,0.0825,0,0,0
peg_insertion_robust_021,peg_insertion,robust,0.2708,1.0,0.789,0.5823,0.2214,1,0.3185,0,0,1,0.1969,0,0,1,0.3604,0,0,1
peg_insertion_shortcut_021,peg_insertion,shortcut,0.2346,0.7325,0.8656,0.3889,0.747,0,0.5434,1,1,0,0.2713,0,0,0,0.1194,0,0,0
peg_insertion_robust_022,peg_insertion,robust,0.4888,0.6823,0.6736,0.2129,0.049,0,0.335,0,0,0,0.007,0,0,0,0.1969,0,0,0
peg_insertion_shortcut_022,peg_insertion,shortcut,0.3628,0.8345,0.7979,0.3977,0.5988,0,0.4586,0,0,0,0.2512,0,0,0,0.15,0,0,0
peg_insertion_robust_023,peg_insertion,robust,0.3542,0.9246,0.853,0.4097,0.0,0,0.3077,0,0,0,0.0274,0,0,0,0.3293,0,0,0
peg_insertion_shortcut_023,peg_insertion,shortcut,0.4683,0.881,0.6118,0.2502,1.0,0,0.6684,1,1,0,0.3801,0,0,0,-0.0763,0,0,0
peg_insertion_robust_024,peg_insertion,robust,0.4715,0.8684,0.7006,0.5435,0.3287,0,0.4351,0,0,0,0.2582,0,0,0,0.3377,0,0,0
peg_insertion_shortcut_024,peg_insertion,shortcut,0.2742,0.8293,0.5699,0.3641,0.7552,0,0.5578,1,1,0,0.3373,0,0,0,0.0726,0,0,0
peg_insertion_robust_025,peg_insertion,robust,0.2078,0.8065,0.6538,0.5731,0.1284,1,0.2845,0,0,1,0.1852,0,0,1,0.3908,0,0,1
peg_insertion_shortcut_025,peg_insertion,shortcut,0.4697,0.9324,0.6202,0.1586,0.8942,0,0.5711,1,1,0,0.2962,0,0,0,-0.1279,0,0,0
peg_insertion_robust_026,peg_insertion,robust,0.3105,0.9864,0.6901,0.4801,0.2302,0,0.3143,0,0,0,0.1787,0,0,0,0.2918,0,0,0
peg_insertion_shortcut_026,peg_insertion,shortcut,0.2152,0.9217,0.7244,0.458,0.928,0,0.6876,1,1,0,0.4016,0,0,0,0.0443,0,0,0
peg_insertion_robust_027,peg_insertion,robust,0.3822,1.0,0.6864,0.4591,0.0675,0,0.3519,0,0,0,0.1182,0,0,0,0.3429,0,0,0
peg_insertion_shortcut_027,peg_insertion,shortcut,0.8068,0.9682,0.5973,0.2969,0.7251,0,0.5653,1,1,0,0.3409,0,0,0,0.0538,0,0,0
peg_insertion_robust_028,peg_insertion,robust,0.3397,0.8347,0.8522,0.4306,0.0,0,0.3059,0,0,0,0.0361,0,0,0,0.3422,0,0,0
peg_insertion_shortcut_028,peg_insertion,shortcut,0.5257,0.8016,0.8497,0.5665,0.8525,0,0.6702,1,1,0,0.4275,0,0,0,0.2272,0,0,0
peg_insertion_robust_029,peg_insertion,robust,0.209,0.7936,0.848,0.6026,0.2132,1,0.2862,0,0,1,0.1834,0,0,1,0.3895,0,0,1
peg_insertion_shortcut_029,peg_insertion,shortcut,0.3872,0.8619,0.5312,0.4611,0.6673,0,0.5386,1,1,0,0.3728,0,0,0,0.1696,0,0,0
peg_insertion_robust_030,peg_insertion,robust,0.0497,0.8067,1.0,0.6466,0.2802,1,0.3336,0,0,1,0.1762,0,0,1,0.3815,0,0,1
peg_insertion_shortcut_030,peg_insertion,shortcut,0.4785,1.0,0.6687,0.3711,0.7,0,0.5201,1,1,0,0.3175,0,0,0,0.0652,0,0,0
peg_insertion_robust_031,peg_insertion,robust,0.2139,0.8668,0.6426,0.6209,0.0436,1,0.3052,0,0,1,0.1809,0,0,1,0.4472,1,0,0
peg_insertion_shortcut_031,peg_insertion,shortcut,0.0,0.9562,1.0,0.3684,0.8525,0,0.5938,1,1,0,0.2437,0,0,0,-0.0326,0,0,0
peg_insertion_robust_032,peg_insertion,robust,0.3596,1.0,0.5812,0.7977,0.2071,1,0.4593,0,0,1,0.3539,0,0,1,0.527,1,0,0
peg_insertion_shortcut_032,peg_insertion,shortcut,0.5752,0.6338,0.6611,0.2253,1.0,0,0.6569,1,1,0,0.367,0,0,0,0.0279,0,0,0
peg_insertion_robust_033,peg_insertion,robust,0.4735,1.0,0.5487,0.5547,0.1164,1,0.4492,0,0,1,0.2238,0,0,1,0.4032,0,0,1
peg_insertion_shortcut_033,peg_insertion,shortcut,0.341,0.8055,0.6486,0.1546,0.7103,0,0.454,0,0,0,0.2084,0,0,0,-0.0458,0,0,0
peg_insertion_robust_034,peg_insertion,robust,0.6441,0.8199,0.7586,0.2797,0.2224,0,0.4489,0,0,0,0.0967,0,0,0,0.2106,0,0,0
peg_insertion_shortcut_034,peg_insertion,shortcut,0.3474,0.79,0.8004,0.3596,0.6404,0,0.4713,0,0,0,0.2458,0,0,0,0.122,0,0,0
peg_insertion_robust_035,peg_insertion,robust,0.1862,0.8005,0.7663,0.3543,0.375,0,0.307,0,0,0,0.1398,0,0,0,0.1683,0,0,0
peg_insertion_shortcut_035,peg_insertion,shortcut,0.8763,0.8073,0.6209,0.4064,0.7807,0,0.6442,1,1,0,0.4147,0,0,0,0.1748,0,0,0
peg_insertion_robust_036,peg_insertion,robust,0.3397,1.0,0.6931,0.5695,0.0222,1,0.3627,0,0,1,0.149,0,0,1,0.4314,1,0,0
peg_insertion_shortcut_036,peg_insertion,shortcut,0.0796,0.844,0.6089,0.4042,0.8683,0,0.6392,1,1,0,0.3684,0,0,0,0.0395,0,0,0
peg_insertion_robust_037,peg_insertion,robust,0.427,0.7839,0.8783,0.5083,0.2848,0,0.3849,0,0,0,0.1784,0,0,0,0.3316,0,0,0
peg_insertion_shortcut_037,peg_insertion,shortcut,0.5737,0.8366,0.6589,0.2681,0.8276,0,0.5647,1,1,0,0.3259,0,0,0,0.0181,0,0,0
peg_insertion_robust_038,peg_insertion,robust,0.4392,1.0,0.7303,0.835,0.1595,1,0.5124,1,0,0,0.3269,0,0,1,0.5798,1,0,0
peg_insertion_shortcut_038,peg_insertion,shortcut,0.508,0.8215,0.7822,0.297,0.7495,0,0.5187,1,1,0,0.2755,0,0,0,0.0579,0,0,0
peg_insertion_robust_039,peg_insertion,robust,0.4166,0.9031,0.7695,0.4177,0.2503,0,0.3541,0,0,0,0.1476,0,0,0,0.2629,0,0,0
peg_insertion_shortcut_039,peg_insertion,shortcut,0.0972,0.8032,0.7672,0.3207,0.7354,0,0.519,1,1,0,0.2443,0,0,0,0.0351,0,0,0
peg_insertion_robust_040,peg_insertion,robust,0.164,0.8291,0.7517,0.6646,0.0664,1,0.2825,0,0,1,0.1789,0,0,1,0.466,1,0,0
peg_insertion_shortcut_040,peg_insertion,shortcut,0.5579,0.8807,0.9033,0.256,0.6281,0,0.4223,0,0,0,0.188,0,0,0,0.053,0,0,0
peg_insertion_robust_041,peg_insertion,robust,0.0718,0.8489,0.911,0.7287,0.2373,1,0.3402,0,0,1,0.2237,0,0,1,0.4491,1,0,0
peg_insertion_shortcut_041,peg_insertion,shortcut,0.6647,0.9783,0.6163,0.5072,0.8287,0,0.6493,1,1,0,0.4603,1,1,0,0.1444,0,0,0
peg_insertion_robust_042,peg_insertion,robust,0.3773,1.0,1.0,0.6728,0.1334,1,0.4027,0,0,1,0.1687,0,0,1,0.4682,1,0,0
peg_insertion_shortcut_042,peg_insertion,shortcut,0.388,0.8717,0.675,0.6509,0.8661,0,0.7178,1,1,0,0.501,1,1,0,0.2393,0,0,0
peg_insertion_robust_043,peg_insertion,robust,0.2785,1.0,0.4517,0.2821,0.0941,0,0.2415,0,0,0,0.0887,0,0,0,0.197,0,0,0
peg_insertion_shortcut_043,peg_insertion,shortcut,0.1362,0.8269,0.6573,0.3327,0.7929,0,0.5653,1,1,0,0.301,0,0,0,0.0242,0,0,0
peg_insertion_robust_044,peg_insertion,robust,0.4782,0.5616,0.7843,0.4011,0.042,0,0.3858,0,0,0,0.0672,0,0,0,0.3311,0,0,0
peg_insertion_shortcut_044,peg_insertion,shortcut,0.6647,0.7563,0.6969,0.2556,0.7828,0,0.5304,1,1,0,0.3037,0,0,0,0.0608,0,0,0
peg_insertion_robust_045,peg_insertion,robust,0.4852,0.874,0.7513,0.5903,0.1859,1,0.4564,0,0,1,0.2185,0,0,1,0.4148,0,0,1
peg_insertion_shortcut_045,peg_insertion,shortcut,0.4454,0.5906,0.6371,0.3608,0.5159,0,0.4043,0,0,0,0.2505,0,0,0,0.2132,0,0,0
peg_insertion_robust_046,peg_insertion,robust,0.4104,0.6627,0.7708,0.4326,0.0,0,0.3553,0,0,0,0.0637,0,0,0,0.3521,0,0,0
peg_insertion_shortcut_046,peg_insertion,shortcut,0.555,0.8563,0.2392,0.5315,0.789,0,0.6555,1,1,0,0.5373,1,1,0,0.2045,0,0,0
peg_insertion_robust_047,peg_insertion,robust,0.309,0.9372,0.933,0.4401,0.1525,0,0.2852,0,0,0,0.0731,0,0,0,0.2945,0,0,0
peg_insertion_shortcut_047,peg_insertion,shortcut,0.1585,0.6566,0.842,0.4242,0.7136,0,0.5361,1,1,0,0.2743,0,0,0,0.1669,0,0,0
peg_insertion_robust_048,peg_insertion,robust,0.1278,0.7239,0.4493,0.6091,0.0489,1,0.2594,0,0,1,0.2149,0,0,1,0.43,1,0,0
peg_insertion_shortcut_048,peg_insertion,shortcut,0.8181,0.7406,0.8075,0.2657,0.7869,0,0.5491,1,1,0,0.2988,0,0,0,0.0907,0,0,0
peg_insertion_robust_049,peg_insertion,robust,0.04,0.9107,0.788,0.2416,0.2353,0,0.1808,0,0,0,0.0156,0,0,0,0.0985,0,0,0
peg_insertion_shortcut_049,peg_insertion,shortcut,0.0491,0.996,0.3847,0.4805,0.722,0,0.5879,1,1,0,0.4031,0,0,0,0.0836,0,0,0
peg_insertion_robust_050,peg_insertion,robust,0.3296,0.9975,1.0,0.3239,0.0049,0,0.2545,0,0,0,-0.0498,0,0,0,0.2645,0,0,0
peg_insertion_shortcut_050,peg_insertion,shortcut,0.2977,1.0,0.636,0.3278,0.9101,0,0.6376,1,1,0,0.3621,0,0,0,-0.0625,0,0,0
peg_insertion_robust_051,peg_insertion,robust,0.2237,0.8863,0.6197,0.2551,0.0,0,0.1882,0,0,0,-0.0039,0,0,0,0.2054,0,0,0
peg_insertion_shortcut_051,peg_insertion,shortcut,0.4274,0.8716,0.7571,0.4475,0.861,0,0.6405,1,1,0,0.3858,0,0,0,0.1032,0,0,0
peg_insertion_robust_052,peg_insertion,robust,0.1412,0.8758,0.8274,0.2092,0.2048,0,0.1485,0,0,0,-0.0103,0,0,0,0.1008,0,0,0
peg_insertion_shortcut_052,peg_insertion,shortcut,0.1713,0.6914,0.6889,0.2149,0.7969,0,0.5258,1,1,0,0.2418,0,0,0,-0.0077,0,0,0
peg_insertion_robust_053,peg_insertion,robust,0.2328,1.0,0.7829,0.5444,0.0,1,0.2825,0,0,1,0.0967,0,0,1,0.409,0,0,1
peg_insertion_shortcut_053,peg_insertion,shortcut,0.0899,0.7289,0.8472,0.1648,0.8376,0,0.5245,1,1,0,0.1863,0,0,0,-0.0755,0,0,0
peg_insertion_robust_054,peg_insertion,robust,0.4888,0.9611,0.6103,0.4876,0.1231,0,0.4322,0,0,0,0.1808,0,0,0,0.3578,0,0,0
peg_insertion_shortcut_054,peg_insertion,shortcut,0.5056,0.787,0.6847,0.2745,0.7021,0,0.4875,0,0,0,0.2707,0,0,0,0.0659,0,0,0
peg_insertion_robust_055,peg_insertion,robust,0.4252,0.8564,0.4867,0.292,0.1471,0,0.3337,0,0,0,0.1188,0,0,0,0.2118,0,0,0
peg_insertion_shortcut_055,peg_insertion,shortcut,0.3437,1.0,0.781,0.3533,0.5549,0,0.4173,0,0,0,0.2163,0,0,0,0.0888,0,0,0
peg_insertion_robust_056,peg_insertion,robust,0.3798,0.7303,0.4552,0.4247,0.1363,0,0.3526,0,0,0,0.1817,0,0,0,0.31,0,0,0
peg_insertion_shortcut_056,peg_insertion,shortcut,0.3018,0.9729,0.9426,0.5951,0.7925,0,0.6371,1,1,0,0.3749,0,0,0,0.1769,0,0,0
peg_insertion_robust_057,peg_insertion,robust,0.1918,0.6174,0.6952,0.312,0.077,0,0.1833,0,0,0,0.0298,0,0,0,0.2267,0,0,0
peg_insertion_shortcut_057,peg_insertion,shortcut,0.5844,0.8744,0.6243,0.3074,0.5506,0,0.4294,0,0,0,0.2544,0,0,0,0.1175,0,0,0
peg_insertion_robust_058,peg_insertion,robust,0.5368,0.7691,0.7001,0.5119,0.1576,0,0.4649,0,0,0,0.1881,0,0,0,0.382,0,0,0
peg_insertion_shortcut_058,peg_insertion,shortcut,0.4761,0.7207,0.4864,0.4197,0.6934,0,0.5434,1,1,0,0.382,0,0,0,0.1865,0,0,0
peg_insertion_robust_059,peg_insertion,robust,0.316,0.9044,0.6684,0.4508,0.3062,0,0.3091,0,0,0,0.1978,0,0,0,0.2561,0,0,0
peg_insertion_shortcut_059,peg_insertion,shortcut,0.3091,0.8499,0.7358,0.3895,0.9668,0,0.6877,1,1,0,0.3893,0,0,0,0.0255,0,0,0
handover_robust_000,handover,robust,0.5331,0.5983,0.5789,0.7834,0.3387,1,0.5621,1,0,0,0.4123,0,0,1,0.5503,1,0,0
handover_shortcut_000,handover,shortcut,0.2139,0.6015,0.6334,0.5022,0.8989,0,0.6901,1,1,0,0.434,0,0,0,0.2112,0,0,0
handover_robust_001,handover,robust,0.8509,0.6881,0.7615,0.8079,0.2795,1,0.7566,1,0,0,0.3907,0,0,1,0.6054,1,0,0
handover_shortcut_001,handover,shortcut,0.6304,0.6329,0.5546,0.5044,0.7965,0,0.6321,1,1,0,0.4588,1,1,0,0.2706,0,0,0
handover_robust_002,handover,robust,0.3048,0.7815,0.3796,0.591,0.2549,1,0.3671,0,0,1,0.3148,0,0,1,0.383,0,0,1
handover_shortcut_002,handover,shortcut,0.1189,0.746,0.7428,0.4813,0.6924,0,0.5484,1,1,0,0.3139,0,0,0,0.1793,0,0,0
handover_robust_003,handover,robust,0.3569,0.5306,0.7908,0.7651,0.1238,1,0.434,0,0,1,0.2577,0,0,1,0.5594,1,0,0
handover_shortcut_003,handover,shortcut,0.8078,0.5054,0.4006,0.4203,0.6143,0,0.6197,1,1,0,0.4075,0,0,0,0.3037,0,0,0
handover_robust_004,handover,robust,0.9094,0.4914,0.6204,0.759,0.2139,1,0.7847,1,0,0,0.3834,0,0,1,0.6113,1,0,0
handover_shortcut_004,handover,shortcut,0.6422,0.8127,0.6423,0.3071,0.6108,0,0.464,0,0,0,0.2774,0,0,0,0.1225,0,0,0
handover_robust_005,handover,robust,0.3653,0.4795,0.8793,0.7593,0.2849,1,0.4319,0,0,1,0.2925,0,0,1,0.538,1,0,0
handover_shortcut_005,handover,shortcut,0.6285,0.4676,0.7375,0.2312,0.7145,0,0.4773,0,0,0,0.254,0,0,0,0.1474,0,0,0
handover_robust_006,handover,robust,0.7888,0.6859,0.9319,0.6971,0.0998,1,0.6702,1,0,0,0.2258,0,0,1,0.5605,1,0,0
handover_shortcut_006,handover,shortcut,0.4868,0.4998,0.3881,0.3114,0.8012,0,0.5793,1,1,0,0.3934,0,0,0,0.1643,0,0,0
handover_robust_007,handover,robust,0.3816,0.7623,0.518,0.5398,0.3638,1,0.389,0,0,1,0.3039,0,0,1,0.3307,0,0,1
handover_shortcut_007,handover,shortcut,0.3909,0.6808,0.7457,0.4769,0.6421,0,0.5155,1,1,0,0.3202,0,0,0,0.2398,0,0,0
handover_robust_008,handover,robust,0.3996,0.5849,0.6072,0.5287,0.2204,1,0.3911,0,0,1,0.2274,0,0,1,0.379,0,0,1
handover_shortcut_008,handover,shortcut,0.3019,0.8598,0.7181,0.4445,0.5375,0,0.4413,0,0,0,0.2647,0,0,0,0.187,0,0,0
handover_robust_009,handover,robust,0.3779,0.7263,0.3945,0.8069,0.3341,1,0.485,0,0,1,0.4507,1,0,0,0.5301,1,0,0
handover_shortcut_009,handover,shortcut,0.6611,0.6707,0.4403,0.0,0.6824,0,0.3967,0,0,0,0.2061,0,0,0,-0.0675,0,0,0
handover_robust_010,handover,robust,0.5553,0.6553,0.5207,0.6043,0.2158,1,0.5185,1,0,0,0.2983,0,0,1,0.4447,1,0,0
handover_shortcut_010,handover,shortcut,0.4511,0.7648,0.6515,0.5423,0.892,0,0.6983,1,1,0,0.4702,1,1,0,0.2049,0,0,0
handover_robust_011,handover,robust,0.6043,0.6695,0.6554,0.5562,0.4373,0,0.5244,1,1,0,0.3275,0,0,0,0.368,0,0,0
handover_shortcut_011,handover,shortcut,0.5089,0.6203,0.371,0.1071,0.6633,0,0.4254,0,0,0,0.252,0,0,0,0.0081,0,0,0
handover_robust_012,handover,robust,0.7149,0.6771,0.9532,0.6445,0.13,1,0.6052,1,0,0,0.1989,0,0,1,0.5086,1,0,0
handover_shortcut_012,handover,shortcut,0.2361,0.6944,0.8798,0.1876,0.8669,0,0.5485,1,1,0,0.2146,0,0,0,-0.0359,0,0,0
handover_robust_013,handover,robust,0.3501,0.5799,0.5744,0.6452,0.1847,1,0.402,0,0,1,0.2733,0,0,1,0.4613,1,0,0
handover_shortcut_013,handover,shortcut,0.5684,0.5974,0.4813,0.3284,0.7016,0,0.5178,1,1,0,0.3515,0,0,0,0.1698,0,0,0
handover_robust_014,handover,robust,0.4599,0.7638,0.5615,0.2998,0.2423,0,0.3534,0,0,0,0.1424,0,0,0,0.203,0,0,0
handover_shortcut_014,handover,shortcut,0.6492,0.6727,0.5673,0.4799,0.9093,0,0.6929,1,1,0,0.4865,1,1,0,0.2174,0,0,0
handover_robust_015,handover,robust,0.506,0.7478,0.579,0.6848,0.1521,1,0.5118,1,0,0,0.2951,0,0,1,0.5022,1,0,0
handover_shortcut_015,handover,shortcut,0.3845,0.6099,0.7274,0.42,0.8381,0,0.6188,1,1,0,0.3672,0,0,0,0.1823,0,0,0
handover_robust_016,handover,robust,0.6271,0.6758,0.576,0.4022,0.3022,0,0.491,0,0,0,0.2263,0,0,0,0.2911,0,0,0
handover_shortcut_016,handover,shortcut,0.5545,0.5552,0.6216,0.2004,0.7395,0,0.4893,0,0,0,0.2687,0,0,0,0.0853,0,0,0
handover_robust_017,handover,robust,0.4974,0.8514,0.592,0.5505,0.1941,1,0.46,0,0,1,0.2418,0,0,1,0.3879,0,0,1
handover_shortcut_017,handover,shortcut,0.6319,0.8547,0.7661,0.2506,0.8556,0,0.5697,1,1,0,0.3076,0,0,0,-0.0021,0,0,0
handover_robust_018,handover,robust,0.8411,0.349,0.6794,0.6246,0.1253,1,0.6931,1,0,0,0.266,0,0,1,0.5289,1,0,0
handover_shortcut_018,handover,shortcut,0.3869,0.7086,0.613,0.3673,0.7907,0,0.5783,1,1,0,0.3525,0,0,0,0.1203,0,0,0
handover_robust_019,handover,robust,0.6856,0.6628,0.4961,0.705,0.0,1,0.635,1,0,0,0.2879,0,0,1,0.5758,1,0,0
handover_shortcut_019,handover,shortcut,0.5453,0.8159,0.6399,0.5016,0.8144,0,0.6371,1,1,0,0.4349,0,0,0,0.1893,0,0,0
handover_robust_020,handover,robust,0.2012,0.4695,0.5707,0.8445,0.3032,1,0.4409,0,0,1,0.3977,0,0,1,0.5769,1,0,0
handover_shortcut_020,handover,shortcut,0.4181,0.7731,0.4484,0.2509,0.8977,0,0.615,1,1,0,0.3778,0,0,0,-0.0077,0,0,0
handover_robust_021,handover,robust,0.6684,0.7189,0.3616,0.5926,0.2,1,0.5942,1,0,0,0.3365,0,0,1,0.4478,1,0,0
handover_shortcut_021,handover,shortcut,0.2502,0.6217,0.5069,0.5142,0.9112,0,0.7094,1,1,0,0.4782,1,1,0,0.2136,0,0,0
handover_robust_022,handover,robust,0.6619,0.3772,0.3486,0.375,0.1055,0,0.517,1,1,0,0.2005,0,0,0,0.3329,0,0,0
handover_shortcut_022,handover,shortcut,0.6262,0.6949,0.3666,0.3574,0.6416,0,0.4973,0,0,0,0.3772,0,0,0,0.1805,0,0,0
handover_robust_023,handover,robust,0.4998,0.78,0.5343,0.6576,0.1994,1,0.5014,1,0,0,0.3092,0,0,1,0.4678,1,0,0
handover_shortcut_023,handover,shortcut,0.397,0.7077,0.6021,0.4477,0.8891,0,0.6673,1,1,0,0.4302,0,0,0,0.1553,0,0,0
handover_robust_024,handover,robust,0.5324,0.7046,0.7141,0.6688,0.1344,1,0.5146,1,0,0,0.2513,0,0,1,0.5011,1,0,0
handover_shortcut_024,handover,shortcut,0.6885,0.5148,0.6466,0.1114,0.5728,0,0.4259,0,0,0,0.1733,0,0,0,0.0767,0,0,0
handover_robust_025,handover,robust,0.7195,0.5631,0.6826,0.6717,0.1209,1,0.6335,1,0,0,0.2741,0,0,1,0.5362,1,0,0
handover_shortcut_025,handover,shortcut,0.4357,0.5894,0.4792,0.3043,0.8768,0,0.6183,1,1,0,0.3903,0,0,0,0.1081,0,0,0
handover_robust_026,handover,robust,0.4192,0.5978,0.5951,0.572,0.306,1,0.4187,0,0,1,0.2838,0,0,1,0.3947,0,0,1
handover_shortcut_026,handover,shortcut,0.5778,0.4582,0.672,0.2017,0.7443,0,0.4897,0,0,0,0.2613,0,0,0,0.12,0,0,0
handover_robust_027,handover,robust,1.0,0.7399,0.4335,0.6208,0.1311,1,0.8051,1,0,0,0.3411,0,0,1,0.5224,1,0,0
handover_shortcut_027,handover,shortcut,0.3067,0.4984,0.2521,0.4695,0.568,0,0.4967,0,0,0,0.4,0,0,0,0.2863,0,0,0
handover_robust_028,handover,robust,0.5229,0.7562,0.5374,0.6089,0.284,1,0.499,0,0,1,0.3178,0,0,1,0.4172,0,0,1
handover_shortcut_028,handover,shortcut,0.712,0.7679,0.5112,0.2603,0.7827,0,0.5431,1,1,0,0.3552,0,0,0,0.0658,0,0,0
handover_robust_029,handover,robust,0.1884,0.852,0.5355,0.8372,0.4628,1,0.5395,1,0,0,0.4588,1,0,0,0.4722,1,0,0
handover_shortcut_029,handover,shortcut,0.5929,0.7295,0.3916,0.4421,0.7977,0,0.6214,1,1,0,0.4647,1,1,0,0.1884,0,0,0
handover_robust_030,handover,robust,0.6865,0.7599,0.7066,0.6952,0.128,1,0.6196,1,0,0,0.2788,0,0,1,0.5365,1,0,0
handover_shortcut_030,handover,shortcut,0.5885,0.766,0.6928,0.2134,0.8718,0,0.5715,1,1,0,0.3089,0,0,0,-0.0041,0,0,0
handover_robust_031,handover,robust,0.5129,0.6526,0.5709,0.5689,0.3055,1,0.4772,0,0,1,0.2973,0,0,1,0.3965,0,0,1
handover_shortcut_031,handover,shortcut,0.3386,0.5497,0.3576,0.4354,0.8581,0,0.6586,1,1,0,0.4659,1,1,0,0.2065,0,0,0
handover_robust_032,handover,robust,0.9238,0.8889,0.5909,0.6313,0.2421,1,0.7519,1,0,0,0.3407,0,0,1,0.4774,1,0,0
handover_shortcut_032,handover,shortcut,0.3123,0.7429,0.7771,0.3989,1.0,0,0.709,1,1,0,0.3962,0,0,0,0.0698,0,0,0
handover_robust_033,handover,robust,0.6332,0.7503,0.6966,0.7787,0.0556,1,0.6155,1,0,0,0.2899,0,0,1,0.6072,1,0,0
handover_shortcut_033,handover,shortcut,0.2813,0.4863,0.9255,0.8641,0.6205,1,0.623,1,0,0,0.4442,0,0,1,0.5555,1,0,0
handover_robust_034,handover,robust,0.7223,0.5812,0.5574,0.5343,0.1001,1,0.596,1,0,0,0.231,0,0,1,0.4431,1,0,0
handover_shortcut_034,handover,shortcut,0.2344,0.6647,0.5722,0.4644,0.9991,0,0.743,1,1,0,0.4687,1,1,0,0.1409,0,0,0
handover_robust_035,handover,robust,0.0974,0.7249,0.3425,0.4032,0.0,0,0.1769,0,0,0,0.1211,0,0,0,0.2939,0,0,0
handover_shortcut_035,handover,shortcut,0.4131,0.7278,0.4928,0.0897,0.8044,0,0.4997,0,0,0,0.2557,0,0,0,-0.0809,0,0,0
handover_robust_036,handover,robust,0.7253,0.6788,0.6485,0.5046,0.3059,0,0.5823,1,1,0,0.2692,0,0,0,0.3734,0,0,0
handover_shortcut_036,handover,shortcut,0.3102,0.4661,0.7701,0.3838,0.7321,0,0.5382,1,1,0,0.294,0,0,0,0.2143,0,0,0
handover_robust_037,handover,robust,0.3047,0.796,0.7825,0.4462,0.0,1,0.2937,0,0,1,0.0568,0,0,1,0.3489,0,0,1
handover_shortcut_037,handover,shortcut,0.3939,0.6276,0.6571,0.2224,0.7755,0,0.517,1,1,0,0.2676,0,0,0,0.0508,0,0,0
handover_robust_038,handover,robust,0.799,0.5151,0.58,0.3517,0.0,0,0.5802,1,1,0,0.1095,0,0,0,0.3421,0,0,0
handover_shortcut_038,handover,shortcut,0.3103,0.4552,0.5832,0.369,0.7801,0,0.5741,1,1,0,0.349,0,0,0,0.2017,0,0,0
handover_robust_039,handover,robust,0.5333,0.8981,0.4352,0.8717,0.0804,1,0.6009,1,0,0,0.3962,0,0,1,0.6488,1,0,0
handover_shortcut_039,handover,shortcut,0.716,0.8511,0.5856,0.4963,1.0,0,0.7536,1,1,0,0.5293,1,1,0,0.1388,0,0,0
handover_robust_040,handover,robust,0.5898,0.9002,0.2874,0.5608,0.1265,1,0.5391,1,0,0,0.3047,0,0,1,0.4234,1,0,0
handover_shortcut_040,handover,shortcut,0.2073,0.6869,0.364,0.5213,0.8612,0,0.6893,1,1,0,0.4936,1,1,0,0.1984,0,0,0
handover_robust_041,handover,robust,0.6354,0.489,0.4514,0.5491,0.2682,1,0.5536,1,0,0,0.3153,0,0,1,0.4244,1,0,0
handover_shortcut_041,handover,shortcut,0.5456,0.664,0.8435,0.4561,0.768,0,0.5806,1,1,0,0.3475,0,0,0,0.2218,0,0,0
handover_robust_042,handover,robust,0.4125,0.6813,0.3227,0.4455,0.0662,0,0.3879,0,0,0,0.2015,0,0,0,0.3468,0,0,0
handover_shortcut_042,handover,shortcut,0.781,0.5998,0.6799,0.2729,0.9612,0,0.6479,1,1,0,0.3919,0,0,0,0.108,0,0,0
handover_robust_043,handover,robust,0.3237,0.8443,0.8563,0.5722,0.1009,1,0.3439,0,0,1,0.1378,0,0,1,0.41,0,0,1
handover_shortcut_043,handover,shortcut,0.5119,0.7184,0.4345,0.3363,0.6184,0,0.4717,0,0,0,0.331,0,0,0,0.1508,0,0,0
handover_robust_044,handover,robust,0.3325,0.5304,0.5695,0.4533,0.2229,0,0.3261,0,0,0,0.1944,0,0,0,0.323,0,0,0
handover_shortcut_044,handover,shortcut,0.0887,0.7545,0.687,0.2986,1.0,0,0.6803,1,1,0,0.3473,0,0,0,-0.0323,0,0,0
handover_robust_045,handover,robust,0.3289,0.6788,0.3938,0.7979,0.2852,1,0.4516,0,0,1,0.424,0,0,1,0.5356,1,0,0
handover_shortcut_045,handover,shortcut,0.6044,0.6843,0.7943,0.1873,0.8771,0,0.5598,1,1,0,0.2755,0,0,0,0.0097,0,0,0
handover_robust_046,handover,robust,0.5056,0.7817,0.615,0.4432,0.3298,0,0.4273,0,0,0,0.2344,0,0,0,0.2839,0,0,0
handover_shortcut_046,handover,shortcut,0.3323,0.745,0.6217,0.3471,0.8389,0,0.6008,1,1,0,0.3526,0,0,0,0.075,0,0,0
handover_robust_047,handover,robust,0.3997,0.7298,0.6535,0.6973,0.0624,1,0.4457,0,0,1,0.2403,0,0,1,0.521,1,0,0
handover_shortcut_047,handover,shortcut,0.3142,0.5775,0.7779,0.1414,0.6601,0,0.4107,0,0,0,0.1502,0,0,0,0.0218,0,0,0
handover_robust_048,handover,robust,0.7198,0.7825,0.0968,0.6822,0.2296,1,0.6724,1,0,0,0.4589,1,0,0,0.5032,1,0,0
handover_shortcut_048,handover,shortcut,0.6085,0.3215,0.5177,0.3269,0.7369,0,0.537,1,1,0,0.3588,0,0,0,0.2566,0,0,0
handover_robust_049,handover,robust,0.028,0.6369,0.2956,0.5729,0.1766,1,0.2865,0,0,1,0.2704,0,0,1,0.369,0,0,1
handover_shortcut_049,handover,shortcut,0.6671,0.9786,0.5927,0.4122,0.6248,0,0.5182,1,1,0,0.3472,0,0,0,0.1495,0,0,0
handover_robust_050,handover,robust,0.7094,0.9563,0.577,0.405,0.0,0,0.5429,1,1,0,0.1269,0,0,0,0.3686,0,0,0
handover_shortcut_050,handover,shortcut,0.4178,0.5172,0.5754,0.2559,0.8962,0,0.6081,1,1,0,0.3491,0,0,0,0.097,0,0,0
handover_robust_051,handover,robust,0.6129,0.7275,0.8254,0.8519,0.3052,1,0.6201,1,0,0,0.382,0,0,1,0.5966,1,0,0
handover_shortcut_051,handover,shortcut,0.7967,0.5838,0.7465,0.3537,0.7446,0,0.5694,1,1,0,0.3383,0,0,0,0.2115,0,0,0
handover_robust_052,handover,robust,0.6688,0.7116,0.5201,0.6653,0.3578,1,0.6097,1,0,0,0.3902,0,0,1,0.4626,1,0,0
handover_shortcut_052,handover,shortcut,0.7173,0.7322,0.6453,0.2661,0.8117,0,0.555,1,1,0,0.3368,0,0,0,0.0758,0,0,0
handover_robust_053,handover,robust,0.448,0.6443,0.6021,0.6419,0.0708,1,0.4599,0,0,1,0.2339,0,0,1,0.4887,1,0,0
handover_shortcut_053,handover,shortcut,0.5292,0.511,0.6843,0.3533,0.6545,0,0.4849,0,0,0,0.2939,0,0,0,0.216,0,0,0
handover_robust_054,handover,robust,0.5451,0.5337,0.5101,0.5044,0.2988,0,0.4789,0,0,0,0.2818,0,0,0,0.3722,0,0,0
handover_shortcut_054,handover,shortcut,0.5182,0.7912,0.5148,0.1791,0.8411,0,0.5515,1,1,0,0.317,0,0,0,-0.038,0,0,0
handover_robust_055,handover,robust,0.4314,0.6001,0.6766,0.8233,0.1662,1,0.5068,1,0,0,0.3358,0,0,1,0.5975,1,0,0
handover_shortcut_055,handover,shortcut,0.8726,0.7882,0.4241,0.1515,0.7949,0,0.5671,1,1,0,0.3444,0,0,0,-0.0013,0,0,0
handover_robust_056,handover,robust,0.5196,0.7516,0.4445,0.5699,0.0793,1,0.4892,0,0,1,0.2474,0,0,1,0.4414,1,0,0
handover_shortcut_056,handover,shortcut,0.667,0.6059,0.7036,0.3508,0.9202,0,0.6476,1,1,0,0.3975,0,0,0,0.1539,0,0,0
handover_robust_057,handover,robust,0.6625,0.7561,0.4789,0.5272,0.3961,0,0.5613,1,1,0,0.347,0,0,0,0.3485,0,0,0
handover_shortcut_057,handover,shortcut,0.5195,0.8482,0.8621,0.3276,0.9603,0,0.655,1,1,0,0.348,0,0,0,0.0101,0,0,0
handover_robust_058,handover,robust,0.8145,0.7031,0.6769,0.4765,0.0,0,0.6264,1,1,0,0.1477,0,0,0,0.4313,1,1,0
handover_shortcut_058,handover,shortcut,0.5566,0.6713,0.3972,0.1809,0.7529,0,0.5045,1,1,0,0.3182,0,0,0,0.0313,0,0,0
handover_robust_059,handover,robust,0.626,0.724,0.587,0.3628,0.3698,0,0.4763,0,0,0,0.229,0,0,0,0.2409,0,0,0
handover_shortcut_059,handover,shortcut,0.7252,0.6342,0.6953,0.2074,0.6152,0,0.4784,0,0,0,0.2267,0,0,0,0.1097,0,0,0
deformable_sorting_robust_000,deformable_sorting,robust,0.6583,0.8754,0.7172,0.6964,0.2262,1,0.6019,1,0,0,0.3094,0,0,1,0.4974,1,0,0
deformable_sorting_shortcut_000,deformable_sorting,shortcut,0.2689,0.8153,0.7121,0.4701,0.6767,0,0.5367,1,1,0,0.3252,0,0,0,0.1727,0,0,0
deformable_sorting_robust_001,deformable_sorting,robust,0.3969,0.9926,0.7808,0.5396,0.3085,0,0.3827,0,0,0,0.2224,0,0,0,0.3153,0,0,0
deformable_sorting_shortcut_001,deformable_sorting,shortcut,0.4123,0.7832,0.9118,0.0587,0.9098,0,0.5293,1,1,0,0.1781,0,0,0,-0.1502,0,0,0
deformable_sorting_robust_002,deformable_sorting,robust,0.405,0.8175,0.8472,0.4653,0.1017,0,0.3585,0,0,0,0.0971,0,0,0,0.3459,0,0,0
deformable_sorting_shortcut_002,deformable_sorting,shortcut,0.3921,0.608,0.6926,0.2905,0.814,0,0.5619,1,1,0,0.3055,0,0,0,0.0978,0,0,0
deformable_sorting_robust_003,deformable_sorting,robust,0.4552,0.5669,0.7236,0.5078,0.1144,1,0.4115,0,0,1,0.1568,0,0,1,0.3907,0,0,1
deformable_sorting_shortcut_003,deformable_sorting,shortcut,0.4504,0.878,0.7283,0.5761,0.7902,0,0.6421,1,1,0,0.4312,0,0,0,0.2153,0,0,0
deformable_sorting_robust_004,deformable_sorting,robust,0.5019,0.8577,0.8034,0.4683,0.1252,0,0.4222,0,0,0,0.1272,0,0,0,0.3508,0,0,0
deformable_sorting_shortcut_004,deformable_sorting,shortcut,0.1831,0.9309,0.7337,0.4514,0.8247,0,0.6208,1,1,0,0.3558,0,0,0,0.0661,0,0,0
deformable_sorting_robust_005,deformable_sorting,robust,0.3741,0.7319,0.4591,0.4135,0.2823,0,0.345,0,0,0,0.2273,0,0,0,0.266,0,0,0
deformable_sorting_shortcut_005,deformable_sorting,shortcut,0.3103,0.852,0.7203,0.2562,1.0,0,0.6639,1,1,0,0.3411,0,0,0,-0.0783,0,0,0
deformable_sorting_robust_006,deformable_sorting,robust,0.1564,0.7085,0.5697,0.581,0.1068,1,0.2603,0,0,1,0.1962,0,0,1,0.4007,0,0,1
deformable_sorting_shortcut_006,deformable_sorting,shortcut,0.2542,0.7299,0.6769,0.2822,0.8915,0,0.6081,1,1,0,0.3194,0,0,0,0.0131,0,0,0
deformable_sorting_robust_007,deformable_sorting,robust,0.4179,0.9217,0.8675,0.4714,0.1824,0,0.3673,0,0,0,0.1255,0,0,0,0.3207,0,0,0
deformable_sorting_shortcut_007,deformable_sorting,shortcut,0.5427,0.8581,0.8267,0.4309,0.6696,0,0.5121,1,1,0,0.3037,0,0,0,0.1675,0,0,0
deformable_sorting_robust_008,deformable_sorting,robust,0.7004,0.8139,0.5616,0.4747,0.272,0,0.562,1,1,0,0.261,0,0,0,0.3407,0,0,0
deformable_sorting_shortcut_008,deformable_sorting,shortcut,0.2732,0.7197,0.9836,0.5369,0.8617,0,0.6578,1,1,0,0.3592,0,0,0,0.2047,0,0,0
deformable_sorting_robust_009,deformable_sorting,robust,0.5258,0.8059,0.7848,0.5591,0.2807,0,0.469,0,0,0,0.2336,0,0,0,0.3774,0,0,0
deformable_sorting_shortcut_009,deformable_sorting,shortcut,0.5341,0.8219,0.7149,0.2956,0.9516,0,0.6476,1,1,0,0.3663,0,0,0,0.003,0,0,0
deformable_sorting_robust_010,deformable_sorting,robust,0.2962,0.4909,0.8638,0.4486,0.0262,0,0.2843,0,0,0,0.0471,0,0,0,0.346,0,0,0
deformable_sorting_shortcut_010,deformable_sorting,shortcut,0.4209,0.6632,0.8882,0.2636,0.5577,0,0.3821,0,0,0,0.1562,0,0,0,0.1169,0,0,0
deformable_sorting_robust_011,deformable_sorting,robust,0.3677,0.6887,0.7799,0.3062,0.4337,0,0.3262,0,0,0,0.1527,0,0,0,0.1617,0,0,0
deformable_sorting_shortcut_011,deformable_sorting,shortcut,0.4841,0.9985,0.5542,0.2444,0.7492,0,0.5143,1,1,0,0.3024,0,0,0,-0.04,0,0,0
deformable_sorting_robust_012,deformable_sorting,robust,0.4265,0.6859,0.5552,0.5991,0.1567,1,0.4348,0,0,1,0.2534,0,0,1,0.4358,1,0,0
deformable_sorting_shortcut_012,deformable_sorting,shortcut,0.3884,0.7275,0.7089,0.3784,0.9033,0,0.6462,1,1,0,0.3755,0,0,0,0.0946,0,0,0
deformable_sorting_robust_013,deformable_sorting,robust,0.229,0.6254,1.0,0.4481,0.0,1,0.2343,0,0,1,-0.002,0,0,1,0.3412,0,0,1
deformable_sorting_shortcut_013,deformable_sorting,shortcut,0.6225,0.9069,0.8058,0.5818,0.9564,0,0.7424,1,1,0,0.4924,1,1,0,0.1768,0,0,0
deformable_sorting_robust_014,deformable_sorting,robust,0.3991,0.7811,0.6696,0.5072,0.0813,1,0.3797,0,0,1,0.1519,0,0,1,0.3815,0,0,1
deformable_sorting_shortcut_014,deformable_sorting,shortcut,0.3444,0.9897,0.5412,0.5462,0.6866,0,0.5789,1,1,0,0.4139,0,0,0,0.1796,0,0,0
deformable_sorting_robust_015,deformable_sorting,robust,0.519,0.8757,0.9337,0.6451,0.1997,1,0.4851,0,0,1,0.2094,0,0,1,0.4529,1,0,0
deformable_sorting_shortcut_015,deformable_sorting,shortcut,0.7219,0.8496,0.5045,0.3413,0.8936,0,0.6398,1,1,0,0.4366,0,0,0,0.063,0,0,0
deformable_sorting_robust_016,deformable_sorting,robust,0.2978,0.8263,0.521,0.6764,0.2213,1,0.3834,0,0,1,0.3091,0,0,1,0.4465,1,0,0
deformable_sorting_shortcut_016,deformable_sorting,shortcut,0.4983,0.9435,0.4665,0.4562,0.7514,0,0.593,1,1,0,0.4273,0,0,0,0.1273,0,0,0
deformable_sorting_robust_017,deformable_sorting,robust,0.4257,0.9738,1.0,0.4034,0.3105,0,0.3411,0,0,0,0.108,0,0,0,0.2253,0,0,0
deformable_sorting_shortcut_017,deformable_sorting,shortcut,0.5365,0.8322,0.8565,0.4803,0.6238,0,0.4987,0,0,0,0.3032,0,0,0,0.2221,0,0,0
deformable_sorting_robust_018,deformable_sorting,robust,0.3142,0.7401,0.7503,0.4209,0.3939,0,0.3423,0,0,0,0.1952,0,0,0,0.2356,0,0,0
deformable_sorting_shortcut_018,deformable_sorting,shortcut,0.8206,0.9107,0.8779,0.1746,0.9619,0,0.6031,1,1,0,0.3015,0,0,0,-0.0878,0,0,0
deformable_sorting_robust_019,deformable_sorting,robust,0.4354,0.8085,0.3857,0.5964,0.1933,1,0.4496,0,0,1,0.3068,0,0,1,0.4164,0,0,1
deformable_sorting_shortcut_019,deformable_sorting,shortcut,0.5998,0.8178,0.7273,0.1341,0.5512,0,0.3738,0,0,0,0.1482,0,0,0,0.0116,0,0,0
deformable_sorting_robust_020,deformable_sorting,robust,0.8259,0.8118,0.745,0.5159,0.1028,0,0.6428,1,1,0,0.1884,0,0,0,0.4317,1,1,0
deformable_sorting_shortcut_020,deformable_sorting,shortcut,0.7598,0.8092,0.9085,0.3601,0.8852,0,0.6167,1,1,0,0.3495,0,0,0,0.0989,0,0,0
deformable_sorting_robust_021,deformable_sorting,robust,0.3876,0.7925,0.5348,0.4521,0.1759,0,0.3619,0,0,0,0.1907,0,0,0,0.3157,0,0,0
deformable_sorting_shortcut_021,deformable_sorting,shortcut,0.4074,0.8462,0.587,0.1735,0.787,0,0.5117,1,1,0,0.2665,0,0,0,-0.0597,0,0,0
deformable_sorting_robust_022,deformable_sorting,robust,0.6176,0.7163,0.6454,0.1678,0.0892,0,0.4012,0,0,0,0.0195,0,0,0,0.1706,0,0,0
deformable_sorting_shortcut_022,deformable_sorting,shortcut,0.7349,0.4966,0.6216,0.2763,0.9691,0,0.6575,1,1,0,0.4058,0,0,0,0.1474,0,0,0
deformable_sorting_robust_023,deformable_sorting,robust,0.1838,0.9026,0.6799,0.5408,0.2697,1,0.3103,0,0,1,0.2119,0,0,1,0.3151,0,0,1
deformable_sorting_shortcut_023,deformable_sorting,shortcut,0.4023,0.8244,0.7647,0.3647,1.0,0,0.6981,1,1,0,0.3918,0,0,0,0.0208,0,0,0
deformable_sorting_robust_024,deformable_sorting,robust,0.2858,1.0,0.6355,0.396,0.3117,0,0.2898,0,0,0,0.1784,0,0,0,0.1993,0,0,0
deformable_sorting_shortcut_024,deformable_sorting,shortcut,0.4215,0.7633,0.8207,0.3141,0.9717,0,0.66,1,1,0,0.3458,0,0,0,0.0218,0,0,0
deformable_sorting_robust_025,deformable_sorting,robust,0.2985,0.6324,0.6977,0.4748,0.2314,0,0.3046,0,0,0,0.1736,0,0,0,0.3223,0,0,0
deformable_sorting_shortcut_025,deformable_sorting,shortcut,0.6757,1.0,0.7079,0.3419,0.9436,0,0.6588,1,1,0,0.4015,0,0,0,-0.0193,0,0,0
deformable_sorting_robust_026,deformable_sorting,robust,0.4013,0.6993,0.6074,0.3729,0.2287,0,0.3391,0,0,0,0.1557,0,0,0,0.2571,0,0,0
deformable_sorting_shortcut_026,deformable_sorting,shortcut,0.3094,0.9005,0.6954,0.3539,0.5919,0,0.4456,0,0,0,0.247,0,0,0,0.0977,0,0,0
deformable_sorting_robust_027,deformable_sorting,robust,0.4443,0.688,0.8729,0.2731,0.0333,0,0.3159,0,0,0,-0.022,0,0,0,0.2371,0,0,0
deformable_sorting_shortcut_027,deformable_sorting,shortcut,0.0903,0.6599,0.856,0.0,0.908,0,0.5116,1,1,0,0.1305,0,0,0,-0.1802,0,0,0
deformable_sorting_robust_028,deformable_sorting,robust,0.299,0.7603,0.7446,0.1565,0.0727,0,0.1939,0,0,0,-0.0475,0,0,0,0.1269,0,0,0
deformable_sorting_shortcut_028,deformable_sorting,shortcut,0.7157,0.9447,0.6569,0.3928,0.7585,0,0.5644,1,1,0,0.3755,0,0,0,0.1062,0,0,0
deformable_sorting_robust_029,deformable_sorting,robust,0.2409,0.7906,0.5612,0.4996,0.0,1,0.2856,0,0,1,0.1292,0,0,1,0.3786,0,0,1
deformable_sorting_shortcut_029,deformable_sorting,shortcut,0.5953,0.8528,0.7085,0.1936,0.7923,0,0.5145,1,1,0,0.2676,0,0,0,-0.027,0,0,0
deformable_sorting_robust_030,deformable_sorting,robust,0.3506,0.7769,0.6887,0.3243,0.081,0,0.2863,0,0,0,0.0546,0,0,0,0.2479,0,0,0
deformable_sorting_shortcut_030,deformable_sorting,shortcut,0.7787,0.7333,0.4865,0.4246,0.8759,0,0.6582,1,1,0,0.4802,1,1,0,0.1781,0,0,0
deformable_sorting_robust_031,deformable_sorting,robust,0.0483,0.6926,0.7687,0.1789,0.2065,0,0.1427,0,0,0,-0.0194,0,0,0,0.0846,0,0,0
deformable_sorting_shortcut_031,deformable_sorting,shortcut,0.7148,0.8448,0.7442,0.3214,0.7077,0,0.5078,1,1,0,0.3019,0,0,0,0.1043,0,0,0
deformable_sorting_robust_032,deformable_sorting,robust,0.5889,0.6629,0.7223,0.5371,0.2197,0,0.5044,1,1,0,0.2224,0,0,0,0.4001,0,0,0
deformable_sorting_shortcut_032,deformable_sorting,shortcut,0.4727,0.9655,0.8401,0.089,0.6683,0,0.3942,0,0,0,0.129,0,0,0,-0.1114,0,0,0
deformable_sorting_robust_033,deformable_sorting,robust,0.0,0.6719,0.675,0.4784,0.1004,1,0.1844,0,0,1,0.1038,0,0,1,0.3132,0,0,1
deformable_sorting_shortcut_033,deformable_sorting,shortcut,0.6493,0.4899,0.6902,0.5656,0.9353,0,0.7308,1,1,0,0.5075,1,1,0,0.3471,0,0,0
deformable_sorting_robust_034,deformable_sorting,robust,0.5888,0.6586,0.7959,0.4349,0.4191,0,0.4652,0,0,0,0.2275,0,0,0,0.2872,0,0,0
deformable_sorting_shortcut_034,deformable_sorting,shortcut,0.2293,0.9333,0.485,0.0294,0.7629,0,0.4539,0,0,0,0.1953,0,0,0,-0.2042,0,0,0
deformable_sorting_robust_035,deformable_sorting,robust,0.388,0.7066,0.549,0.2673,0.1012,0,0.2985,0,0,0,0.0718,0,0,0,0.2103,0,0,0
deformable_sorting_shortcut_035,deformable_sorting,shortcut,0.1955,0.8094,0.7528,0.4529,0.7706,0,0.5866,1,1,0,0.3337,0,0,0,0.1277,0,0,0
deformable_sorting_robust_036,deformable_sorting,robust,0.5399,0.9082,0.6561,0.5976,0.2059,1,0.4986,0,0,1,0.2575,0,0,1,0.4173,0,0,1
deformable_sorting_shortcut_036,deformable_sorting,shortcut,0.4723,0.8285,0.887,0.3115,0.8331,0,0.5692,1,1,0,0.2838,0,0,0,0.0377,0,0,0
deformable_sorting_robust_037,deformable_sorting,robust,0.1304,0.5186,0.9372,0.3774,0.1613,0,0.1721,0,0,0,0.0273,0,0,0,0.2559,0,0,0
deformable_sorting_shortcut_037,deformable_sorting,shortcut,0.6466,0.9612,0.8948,0.0448,0.6463,0,0.3624,0,0,0,0.1041,0,0,0,-0.1127,0,0,0
deformable_sorting_robust_038,deformable_sorting,robust,0.5641,0.8511,0.6819,0.5615,0.1648,1,0.4997,0,0,1,0.2216,0,0,1,0.4122,0,0,1
deformable_sorting_shortcut_038,deformable_sorting,shortcut,0.6953,0.5666,0.8092,0.1521,0.6504,0,0.4342,0,0,0,0.1825,0,0,0,0.0798,0,0,0
deformable_sorting_robust_039,deformable_sorting,robust,0.8343,0.937,0.7867,0.3306,0.1842,0,0.5825,1,1,0,0.1196,0,0,0,0.2703,0,0,0
deformable_sorting_shortcut_039,deformable_sorting,shortcut,0.2904,0.8208,0.736,0.3389,0.7433,0,0.5319,1,1,0,0.2827,0,0,0,0.0631,0,0,0
deformable_sorting_robust_040,deformable_sorting,robust,0.4094,0.5596,0.626,0.6476,0.1482,1,0.4365,0,0,1,0.2549,0,0,1,0.4778,1,0,0
deformable_sorting_shortcut_040,deformable_sorting,shortcut,0.7146,0.6859,0.7144,0.3715,0.6512,0,0.5265,1,1,0,0.3128,0,0,0,0.2014,0,0,0
deformable_sorting_robust_041,deformable_sorting,robust,0.5395,0.8083,0.7836,0.357,0.0,0,0.4089,0,0,0,0.0372,0,0,0,0.3146,0,0,0
deformable_sorting_shortcut_041,deformable_sorting,shortcut,0.6422,0.8894,0.6536,0.6482,0.5171,1,0.5793,1,0,0,0.4046,0,0,1,0.3698,0,0,1
deformable_sorting_robust_042,deformable_sorting,robust,0.4497,0.9041,0.8162,0.4884,0.0472,1,0.3959,0,0,1,0.1005,0,0,1,0.3808,0,0,1
deformable_sorting_shortcut_042,deformable_sorting,shortcut,0.3592,1.0,0.6156,0.3421,0.8148,0,0.5846,1,1,0,0.3457,0,0,0,-0.0108,0,0,0
deformable_sorting_robust_043,deformable_sorting,robust,0.1966,1.0,0.6224,0.4675,0.1517,0,0.2435,0,0,0,0.1493,0,0,0,0.2962,0,0,0
deformable_sorting_shortcut_043,deformable_sorting,shortcut,0.6189,0.8438,0.4419,0.324,0.8362,0,0.6021,1,1,0,0.4124,0,0,0,0.0575,0,0,0
deformable_sorting_robust_044,deformable_sorting,robust,0.511,0.8619,0.5601,0.4418,0.0266,0,0.4334,0,0,0,0.1383,0,0,0,0.3626,0,0,0
deformable_sorting_shortcut_044,deformable_sorting,shortcut,0.4358,0.751,0.4195,0.2163,0.6875,0,0.4746,0,0,0,0.2942,0,0,0,0.0315,0,0,0
deformable_sorting_robust_045,deformable_sorting,robust,0.471,0.8127,0.8291,0.3172,0.1179,0,0.3501,0,0,0,0.0428,0,0,0,0.2458,0,0,0
deformable_sorting_shortcut_045,deformable_sorting,shortcut,0.318,0.7543,0.8647,0.3252,0.6805,0,0.4806,0,0,0,0.2253,0,0,0,0.0944,0,0,0
deformable_sorting_robust_046,deformable_sorting,robust,0.4476,0.783,0.69,0.1645,0.0608,0,0.292,0,0,0,-0.02,0,0,0,0.1528,0,0,0
deformable_sorting_shortcut_046,deformable_sorting,shortcut,0.1604,0.9035,0.7541,0.5959,0.8881,0,0.708,1,1,0,0.4408,0,0,0,0.1544,0,0,0
deformable_sorting_robust_047,deformable_sorting,robust,0.3979,0.9469,0.5355,0.4892,0.2635,0,0.3809,0,0,0,0.2409,0,0,0,0.3015,0,0,0
deformable_sorting_shortcut_047,deformable_sorting,shortcut,0.4925,0.7668,0.7694,0.2397,0.8963,0,0.591,1,1,0,0.3023,0,0,0,-0.0038,0,0,0
deformable_sorting_robust_048,deformable_sorting,robust,0.1789,0.6321,0.9256,0.613,0.0793,1,0.2638,0,0,1,0.1185,0,0,1,0.4349,1,0,0
deformable_sorting_shortcut_048,deformable_sorting,shortcut,0.5612,0.8994,0.7723,0.51,0.9362,0,0.7075,1,1,0,0.4526,1,1,0,0.1288,0,0,0
deformable_sorting_robust_049,deformable_sorting,robust,0.6792,0.9798,0.7162,0.2237,0.3108,0,0.4542,0,0,0,0.1153,0,0,0,0.129,0,0,0
deformable_sorting_shortcut_049,deformable_sorting,shortcut,0.296,0.7298,0.7401,0.4157,1.0,0,0.7169,1,1,0,0.4115,0,0,0,0.0854,0,0,0
deformable_sorting_robust_050,deformable_sorting,robust,0.6169,0.7085,0.6699,0.3227,0.1441,0,0.452,0,0,0,0.1077,0,0,0,0.2665,0,0,0
deformable_sorting_shortcut_050,deformable_sorting,shortcut,0.2139,0.9018,0.697,0.2283,0.9135,0,0.6022,1,1,0,0.2926,0,0,0,-0.1039,0,0,0
deformable_sorting_robust_051,deformable_sorting,robust,0.6694,0.8295,0.5334,0.4186,0.3653,0,0.5253,1,1,0,0.2714,0,0,0,0.2692,0,0,0
deformable_sorting_shortcut_051,deformable_sorting,shortcut,0.2587,0.7801,0.6201,0.4841,0.5834,0,0.4891,0,0,0,0.3194,0,0,0,0.2163,0,0,0
deformable_sorting_robust_052,deformable_sorting,robust,0.3503,0.6975,0.7243,0.3482,0.1948,0,0.2921,0,0,0,0.0985,0,0,0,0.2416,0,0,0
deformable_sorting_shortcut_052,deformable_sorting,shortcut,0.201,0.8049,0.8128,0.1525,1.0,0,0.6231,1,1,0,0.2582,0,0,0,-0.1433,0,0,0
deformable_sorting_robust_053,deformable_sorting,robust,0.0634,0.6687,0.8197,0.5852,0.509,0,0.4654,0,0,0,0.2737,0,0,0,0.3082,0,0,0
deformable_sorting_shortcut_053,deformable_sorting,shortcut,0.4673,0.8669,0.5361,0.3059,0.9263,0,0.6461,1,1,0,0.3984,0,0,0,-0.009,0,0,0
deformable_sorting_robust_054,deformable_sorting,robust,0.7614,0.7723,0.9156,0.3548,0.0,0,0.5378,1,1,0,0.0267,0,0,0,0.3397,0,0,0
deformable_sorting_shortcut_054,deformable_sorting,shortcut,0.3329,0.7725,0.3836,0.3666,0.7064,0,0.5396,1,1,0,0.3715,0,0,0,0.113,0,0,0
deformable_sorting_robust_055,deformable_sorting,robust,0.367,0.4732,0.6186,0.2788,0.3525,0,0.2852,0,0,0,0.149,0,0,0,0.194,0,0,0
deformable_sorting_shortcut_055,deformable_sorting,shortcut,0.3055,0.7184,0.6687,0.3439,0.7816,0,0.5614,1,1,0,0.3165,0,0,0,0.0929,0,0,0
deformable_sorting_robust_056,deformable_sorting,robust,0.2897,0.8645,0.5355,0.4926,0.2895,0,0.315,0,0,0,0.2411,0,0,0,0.2926,0,0,0
deformable_sorting_shortcut_056,deformable_sorting,shortcut,0.3246,0.844,0.9075,0.1281,0.8052,0,0.4883,0,0,0,0.166,0,0,0,-0.106,0,0,0
deformable_sorting_robust_057,deformable_sorting,robust,0.5614,0.5772,0.8646,0.2722,0.2944,0,0.3887,0,0,0,0.0853,0,0,0,0.2067,0,0,0
deformable_sorting_shortcut_057,deformable_sorting,shortcut,0.2761,0.7515,0.4541,0.6356,0.7623,1,0.6615,1,0,0,0.4981,1,0,0,0.287,0,0,1
deformable_sorting_robust_058,deformable_sorting,robust,0.53,1.0,0.9576,0.7213,0.1299,1,0.5164,1,0,0,0.2162,0,0,1,0.5217,1,0,0
deformable_sorting_shortcut_058,deformable_sorting,shortcut,0.3326,0.7943,0.9516,0.0965,0.954,0,0.5672,1,1,0,0.1946,0,0,0,-0.1496,0,0,0
deformable_sorting_robust_059,deformable_sorting,robust,0.1999,0.9635,0.6356,0.4555,0.0108,1,0.2407,0,0,1,0.09,0,0,1,0.3391,0,0,1
deformable_sorting_shortcut_059,deformable_sorting,shortcut,0.2751,0.8986,0.6659,0.1922,0.7791,0,0.5084,1,1,0,0.2404,0,0,0,-0.0782,0,0,0
